project,file,line,context,key_type,object_type,object_name,operation,receiver,catalog_match
famille_shift_matching,middleware.ts,70,utility / lib,internal API key,TABLE_OR_VIEW,users,select,supabase,yes
famille_shift_matching,middleware.ts,113,utility / lib,indirect/unknown,TABLE_OR_VIEW,users,select,supabase,yes
famille_shift_matching,src/lib/addStaffLog.ts,14,utility / lib,indirect/unknown,TABLE_OR_VIEW,staff_log,insert,supabase,yes
famille_shift_matching,src/lib/auto_assign_staff.ts,76,utility / lib,indirect/unknown,RPC,exec_sql,execute,supabase,yes
famille_shift_matching,src/lib/cs_contract_plan.ts,197,utility / lib,service_role/server secret,TABLE_OR_VIEW,shift,select,supabaseAdmin,yes
famille_shift_matching,src/lib/cs_contract_plan.ts,246,utility / lib,service_role/server secret,TABLE_OR_VIEW,shift_service_code,select,supabaseAdmin,yes
famille_shift_matching,src/lib/cs_contract_plan.ts,363,utility / lib,service_role/server secret,TABLE_OR_VIEW,cs_kaipoke_info,select,supabaseAdmin,yes
famille_shift_matching,src/lib/cs_contract_plan.ts,399,utility / lib,service_role/server secret,TABLE_OR_VIEW,user_doc_master,select,supabaseAdmin,yes
famille_shift_matching,src/lib/cs_docs.ts,128,utility / lib,indirect/unknown,TABLE_OR_VIEW,cs_docs,select,supabase,yes
famille_shift_matching,src/lib/cs_docs.ts,183,utility / lib,indirect/unknown,TABLE_OR_VIEW,cs_kaipoke_info,select,supabase,yes
famille_shift_matching,src/lib/cs_docs.ts,241,utility / lib,indirect/unknown,TABLE_OR_VIEW,cs_docs,select+update,supabase,yes
famille_shift_matching,src/lib/cs_docs.ts,291,utility / lib,indirect/unknown,TABLE_OR_VIEW,cs_docs,delete,supabase,yes
famille_shift_matching,src/lib/cs_docs.ts,330,utility / lib,indirect/unknown,TABLE_OR_VIEW,cs_kaipoke_info,select,supabase,yes
famille_shift_matching,src/lib/cs_docs.ts,363,utility / lib,indirect/unknown,TABLE_OR_VIEW,cs_kaipoke_info,update,supabase,yes
famille_shift_matching,src/lib/cs_docs_judge_logics.ts,354,utility / lib,indirect/unknown,TABLE_OR_VIEW,user_doc_master,select,supabase,yes
famille_shift_matching,src/lib/cs_docs_judge_logics.ts,376,utility / lib,indirect/unknown,TABLE_OR_VIEW,cs_docs,select,supabase,yes
famille_shift_matching,src/lib/cs_docs_judge_logics.ts,494,utility / lib,indirect/unknown,TABLE_OR_VIEW,user_doc_master,update,supabase,yes
famille_shift_matching,src/lib/cs_docs_judge_logics.ts,526,utility / lib,indirect/unknown,TABLE_OR_VIEW,user_doc_master,select,supabase,yes
famille_shift_matching,src/lib/cs_docs_judge_logics.ts,546,utility / lib,indirect/unknown,TABLE_OR_VIEW,cs_docs,select,supabase,yes
famille_shift_matching,src/lib/cs_docs_sync.ts,23,utility / lib,indirect/unknown,RPC,sync_cs_docs_to_kaipoke_documents,execute,supabase,yes
famille_shift_matching,src/lib/disabilityCheckJisseki.ts,14,utility / lib,service_role/server secret,RPC,refresh_disability_check_jisseki_staff,execute,supabaseAdmin,yes
famille_shift_matching,src/lib/getAccessToken.ts,13,utility / lib,service_role/server secret,TABLE_OR_VIEW,env_variables,select,supabase,yes
famille_shift_matching,src/lib/googleMapsDistance.ts,96,utility / lib,service_role/server secret,TABLE_OR_VIEW,google_maps_distance_cron_runs,select+insert,supabaseAdmin,yes
famille_shift_matching,src/lib/googleMapsDistance.ts,116,utility / lib,service_role/server secret,TABLE_OR_VIEW,shift,select,supabaseAdmin,yes
famille_shift_matching,src/lib/googleMapsDistance.ts,126,utility / lib,service_role/server secret,TABLE_OR_VIEW,users,select,supabaseAdmin,yes
famille_shift_matching,src/lib/googleMapsDistance.ts,127,utility / lib,service_role/server secret,TABLE_OR_VIEW,cs_kaipoke_info,select,supabaseAdmin,yes
famille_shift_matching,src/lib/googleMapsDistance.ts,136,utility / lib,service_role/server secret,TABLE_OR_VIEW,form_entries,select,supabaseAdmin,yes
famille_shift_matching,src/lib/googleMapsDistance.ts,137,utility / lib,service_role/server secret,TABLE_OR_VIEW,form_entries,select,supabaseAdmin,yes
famille_shift_matching,src/lib/googleMapsDistance.ts,155,utility / lib,service_role/server secret,TABLE_OR_VIEW,google_maps_distance_cron_runs,update+upsert,supabaseAdmin,yes
famille_shift_matching,src/lib/googleMapsDistance.ts,160,utility / lib,service_role/server secret,TABLE_OR_VIEW,manager_distance_segments,select+upsert,supabaseAdmin,yes
famille_shift_matching,src/lib/googleMapsDistance.ts,166,utility / lib,service_role/server secret,TABLE_OR_VIEW,google_maps_distance_cache,select+update+upsert,supabaseAdmin,yes
famille_shift_matching,src/lib/googleMapsDistance.ts,169,utility / lib,service_role/server secret,TABLE_OR_VIEW,manager_distance_segments,update+upsert,supabaseAdmin,yes
famille_shift_matching,src/lib/googleMapsDistance.ts,176,utility / lib,service_role/server secret,TABLE_OR_VIEW,google_maps_distance_cache,select+update+upsert,supabaseAdmin,yes
famille_shift_matching,src/lib/googleMapsDistance.ts,177,utility / lib,service_role/server secret,TABLE_OR_VIEW,manager_distance_segments,update+upsert,supabaseAdmin,yes
famille_shift_matching,src/lib/googleMapsDistance.ts,183,utility / lib,service_role/server secret,TABLE_OR_VIEW,google_maps_distance_cache,update+upsert,supabaseAdmin,yes
famille_shift_matching,src/lib/googleMapsDistance.ts,184,utility / lib,service_role/server secret,TABLE_OR_VIEW,manager_distance_segments,update,supabaseAdmin,yes
famille_shift_matching,src/lib/googleMapsDistance.ts,207,utility / lib,service_role/server secret,TABLE_OR_VIEW,google_maps_distance_cron_runs,update,supabaseAdmin,yes
famille_shift_matching,src/lib/googleMapsDistance.ts,210,utility / lib,service_role/server secret,TABLE_OR_VIEW,google_maps_distance_cron_runs,update,supabaseAdmin,yes
famille_shift_matching,src/lib/holidayShift.ts,21,utility / lib,service_role/server secret,TABLE_OR_VIEW,holiday_master,select,supabaseAdmin,yes
famille_shift_matching,src/lib/holidayShift.ts,22,utility / lib,service_role/server secret,TABLE_OR_VIEW,shift_weekly_template,select,supabaseAdmin,yes
famille_shift_matching,src/lib/holidayShift.ts,35,utility / lib,service_role/server secret,TABLE_OR_VIEW,shift,select,supabaseAdmin,yes
famille_shift_matching,src/lib/holidayShift.ts,51,utility / lib,service_role/server secret,TABLE_OR_VIEW,shift,select,supabaseAdmin,yes
famille_shift_matching,src/lib/holidayShift.ts,61,utility / lib,service_role/server secret,TABLE_OR_VIEW,holiday_shift_action,select+insert,supabaseAdmin,yes
famille_shift_matching,src/lib/holidayShift.ts,66,utility / lib,service_role/server secret,TABLE_OR_VIEW,holiday_shift_action,insert+update,supabaseAdmin,yes
famille_shift_matching,src/lib/holidayShift.ts,72,utility / lib,service_role/server secret,TABLE_OR_VIEW,alert_log,update,supabaseAdmin,yes
famille_shift_matching,src/lib/prompt-template.ts,163,utility / lib,indirect/unknown,TABLE_OR_VIEW,cm_prompt_templates,select,supabase,yes
famille_shift_matching,src/lib/prompt-template.ts,198,utility / lib,indirect/unknown,TABLE_OR_VIEW,cm_prompt_templates,select+update,supabase,yes
famille_shift_matching,src/lib/prompt-template.ts,225,utility / lib,indirect/unknown,TABLE_OR_VIEW,cm_prompt_templates,select+update,supabase,yes
famille_shift_matching,src/lib/recording-transcripts.ts,188,utility / lib,service_role/server secret,TABLE_OR_VIEW,users,select,supabaseAdmin,yes
famille_shift_matching,src/lib/recording-transcripts.ts,218,utility / lib,service_role/server secret,TABLE_OR_VIEW,users,select,supabaseAdmin,yes
famille_shift_matching,src/lib/recording-transcripts.ts,235,utility / lib,service_role/server secret,TABLE_OR_VIEW,form_entries,select,supabaseAdmin,yes
famille_shift_matching,src/lib/recording-transcripts.ts,297,utility / lib,service_role/server secret,TABLE_OR_VIEW,recording_transcripts,select,supabaseAdmin,yes
famille_shift_matching,src/lib/recording-transcripts.ts,357,utility / lib,service_role/server secret,TABLE_OR_VIEW,recording_transcripts,select,supabaseAdmin,yes
famille_shift_matching,src/lib/shiftRecordCheck.ts,43,utility / lib,indirect/unknown,TABLE_OR_VIEW,user_entry_united_view_single,select,supabase,yes
famille_shift_matching,src/lib/shiftRecordCheck.ts,55,utility / lib,indirect/unknown,TABLE_OR_VIEW,group_lw_channel_view,select,supabase,yes
famille_shift_matching,src/lib/shiftRecordCheck.ts,73,utility / lib,indirect/unknown,TABLE_OR_VIEW,shift_shift_record_view,select,supabase,yes
famille_shift_matching,src/lib/tokutei_sum_order_clone.ts,69,utility / lib,indirect/unknown,TABLE_OR_VIEW,shift,select,supabase,yes
famille_shift_matching,src/lib/tokutei_sum_order_clone.ts,136,utility / lib,indirect/unknown,TABLE_OR_VIEW,shift,select,supabase,yes
famille_shift_matching,src/lib/tokutei_sum_order_clone.ts,252,utility / lib,indirect/unknown,TABLE_OR_VIEW,shift,select,supabase,yes
famille_shift_matching,src/lib/tokutei_sum_order_clone.ts,277,utility / lib,indirect/unknown,TABLE_OR_VIEW,shift,select,supabase,yes
famille_shift_matching,src/lib/tokutei_sum_order_clone.ts,320,utility / lib,indirect/unknown,TABLE_OR_VIEW,shift_records,select,supabase,yes
famille_shift_matching,src/lib/user_ojt.ts,142,utility / lib,indirect/unknown,TABLE_OR_VIEW,form_entries,select,supabase,yes
famille_shift_matching,src/lib/user_ojt.ts,185,utility / lib,indirect/unknown,TABLE_OR_VIEW,user_entry_united_view_single,select,supabase,yes
famille_shift_matching,src/lib/user_ojt.ts,226,utility / lib,indirect/unknown,TABLE_OR_VIEW,user_entry_united_view,select,supabase,yes
famille_shift_matching,src/lib/user_ojt.ts,308,utility / lib,indirect/unknown,TABLE_OR_VIEW,shift,select,supabase,yes
famille_shift_matching,src/lib/user_ojt.ts,346,utility / lib,indirect/unknown,TABLE_OR_VIEW,shift_records,select,supabase,yes
famille_shift_matching,src/lib/user_ojt.ts,439,utility / lib,indirect/unknown,TABLE_OR_VIEW,shift_record_items,select,supabase,yes
famille_shift_matching,src/lib/user_ojt.ts,491,utility / lib,indirect/unknown,TABLE_OR_VIEW,user_ojt_record,select,supabase,yes
famille_shift_matching,src/lib/user_ojt.ts,636,utility / lib,indirect/unknown,TABLE_OR_VIEW,user_ojt_record,insert,supabase,yes
famille_shift_matching,src/lib/training_goals/sendTrainingGoalRemarkToLineworks.ts,36,utility / lib,service_role/server secret,TABLE_OR_VIEW,user_entry_united_view_single_career,select,supabaseAdmin,yes
famille_shift_matching,src/lib/supabase/analyzeDigisignRequest.ts,155,utility / lib,indirect/unknown,TABLE_OR_VIEW,users,select,supabase,yes
famille_shift_matching,src/lib/supabase/analyzeTalksAndDispatchToRPA.ts,179,utility / lib,indirect/unknown,TABLE_OR_VIEW,shift,select,supabase,yes
famille_shift_matching,src/lib/supabase/analyzeTalksAndDispatchToRPA.ts,190,utility / lib,indirect/unknown,TABLE_OR_VIEW,shift,select,supabase,yes
famille_shift_matching,src/lib/supabase/analyzeTalksAndDispatchToRPA.ts,208,utility / lib,indirect/unknown,TABLE_OR_VIEW,shift,select,supabase,yes
famille_shift_matching,src/lib/supabase/analyzeTalksAndDispatchToRPA.ts,477,utility / lib,indirect/unknown,TABLE_OR_VIEW,shift,select,supabase,yes
famille_shift_matching,src/lib/supabase/analyzeTalksAndDispatchToRPA.ts,571,utility / lib,indirect/unknown,TABLE_OR_VIEW,msg_lw_log_with_group_account,select,supabase,yes
famille_shift_matching,src/lib/supabase/analyzeTalksAndDispatchToRPA.ts,638,utility / lib,indirect/unknown,TABLE_OR_VIEW,msg_lw_analysis_log,insert+update,supabase,yes
famille_shift_matching,src/lib/supabase/analyzeTalksAndDispatchToRPA.ts,647,utility / lib,indirect/unknown,TABLE_OR_VIEW,msg_lw_log,update,supabase,yes
famille_shift_matching,src/lib/supabase/analyzeTalksAndDispatchToRPA.ts,821,utility / lib,indirect/unknown,TABLE_OR_VIEW,users,select+insert+update,supabase,yes
famille_shift_matching,src/lib/supabase/analyzeTalksAndDispatchToRPA.ts,828,utility / lib,indirect/unknown,TABLE_OR_VIEW,rpa_command_requests,insert+update,supabase,yes
famille_shift_matching,src/lib/supabase/analyzeTalksAndDispatchToRPA.ts,839,utility / lib,indirect/unknown,TABLE_OR_VIEW,msg_lw_log,insert+update,supabase,yes
famille_shift_matching,src/lib/supabase/analyzeTalksAndDispatchToRPA.ts,846,utility / lib,indirect/unknown,TABLE_OR_VIEW,msg_lw_analysis_log,insert+update,supabase,yes
famille_shift_matching,src/lib/supabase/analyzeTalksAndDispatchToRPA.ts,854,utility / lib,indirect/unknown,TABLE_OR_VIEW,msg_lw_log,update,supabase,yes
famille_shift_matching,src/lib/supabase/fetchMsgLwLogs.ts,10,utility / lib,service_role/server secret,TABLE_OR_VIEW,msg_lw_log,select,supabaseAdmin,yes
famille_shift_matching,src/lib/supabase/handleParsedResult.ts,38,utility / lib,indirect/unknown,TABLE_OR_VIEW,rpa_command_requests,insert,supabase,yes
famille_shift_matching,src/lib/supabase/saveGroupsTemp.ts,55,utility / lib,service_role/server secret,TABLE_OR_VIEW,groups_lw,upsert,supabaseAdmin,yes
famille_shift_matching,src/lib/supabase/saveLevelsMaster.ts,16,utility / lib,service_role/server secret,TABLE_OR_VIEW,levels,upsert,supabaseAdmin,yes
famille_shift_matching,src/lib/supabase/saveLevelsTemp.ts,17,utility / lib,service_role/server secret,TABLE_OR_VIEW,levels_temp,upsert,supabaseAdmin,yes
famille_shift_matching,src/lib/supabase/saveOrgsLwTemp.ts,34,utility / lib,service_role/server secret,TABLE_OR_VIEW,orgs_temp,upsert,supabaseAdmin,yes
famille_shift_matching,src/lib/supabase/saveOrgsMaster.ts,18,utility / lib,service_role/server secret,TABLE_OR_VIEW,orgs,upsert,supabaseAdmin,yes
famille_shift_matching,src/lib/supabase/savePositionsMaster.ts,18,utility / lib,service_role/server secret,TABLE_OR_VIEW,positions,upsert,supabaseAdmin,yes
famille_shift_matching,src/lib/supabase/savePositionsTemp.ts,16,utility / lib,service_role/server secret,TABLE_OR_VIEW,positions_temp,upsert,supabaseAdmin,yes
famille_shift_matching,src/lib/supabase/saveUsersLwTemp.ts,89,utility / lib,service_role/server secret,TABLE_OR_VIEW,users_lw_temp,delete+upsert,supabaseAdmin,yes
famille_shift_matching,src/lib/supabase/saveUsersLwTemp.ts,99,utility / lib,service_role/server secret,TABLE_OR_VIEW,users_lw_temp,upsert,supabaseAdmin,yes
famille_shift_matching,src/lib/supabase/saveUsersLwTemp.ts,108,utility / lib,service_role/server secret,RPC,update_users_from_lw_temp,execute,supabaseAdmin,yes
famille_shift_matching,src/lib/supabase/service.ts,22,utility / lib,service_role/server secret,TABLE_OR_VIEW,taimee_employees_monthly,select,supabaseAdmin,yes
famille_shift_matching,src/lib/supabase/shiftAdd.ts,65,utility / lib,indirect/unknown,TABLE_OR_VIEW,shift,select+insert,supabase,yes
famille_shift_matching,src/lib/supabase/shiftDelete.ts,48,utility / lib,indirect/unknown,TABLE_OR_VIEW,shift,delete,supabase,yes
famille_shift_matching,src/lib/supabase/updateLwUserId.ts,14,utility / lib,service_role/server secret,TABLE_OR_VIEW,users,update,supabaseAdmin,yes
famille_shift_matching,src/lib/spot_offer/spot_offer_sync_check.ts,25,utility / lib,service_role/server secret,TABLE_OR_VIEW,spot_offer_request_table,select,supabase,yes
famille_shift_matching,src/lib/spot_offer/spot_offer_sync_check.ts,45,utility / lib,service_role/server secret,TABLE_OR_VIEW,shift,select,supabase,yes
famille_shift_matching,src/lib/spot_offer/spot_offer_sync_check.ts,180,utility / lib,indirect/unknown,TABLE_OR_VIEW,rpa_command_requests,select,supabase,yes
famille_shift_matching,src/lib/spot_offer/spot_offer_sync_check.ts,259,utility / lib,indirect/unknown,TABLE_OR_VIEW,rpa_command_requests,select,supabase,yes
famille_shift_matching,src/lib/spot_offer/spot_offer_sync_check.ts,379,utility / lib,indirect/unknown,TABLE_OR_VIEW,rpa_command_requests,insert,supabase,yes
famille_shift_matching,src/lib/spot_offer/spot_offer_sync_check.ts,466,utility / lib,indirect/unknown,TABLE_OR_VIEW,spot_offer_request_table,upsert,supabase,yes
famille_shift_matching,src/lib/spot_offer/spot_offer_sync_check.ts,497,utility / lib,indirect/unknown,TABLE_OR_VIEW,rpa_command_requests,select+insert,supabase,yes
famille_shift_matching,src/lib/spot_offer/spot_offer_sync_check.ts,519,utility / lib,indirect/unknown,TABLE_OR_VIEW,user_entry_united_view_single,select,supabase,yes
famille_shift_matching,src/lib/spot_offer/spot_offer_sync_check.ts,544,utility / lib,indirect/unknown,TABLE_OR_VIEW,user_entry_united_view_single,select,supabase,yes
famille_shift_matching,src/lib/spot_offer/spot_offer_sync_check.ts,670,utility / lib,indirect/unknown,TABLE_OR_VIEW,spot_offer_template_unified,select,supabase,yes
famille_shift_matching,src/lib/shift/shift-staff-check.ts,186,utility / lib,service_role/server secret,TABLE_OR_VIEW,shift_csinfo_roster_view,select,supabaseAdmin,yes
famille_shift_matching,src/lib/shift/shift-staff-check.ts,214,utility / lib,service_role/server secret,TABLE_OR_VIEW,user_entry_united_view_single,select,supabaseAdmin,yes
famille_shift_matching,src/lib/shift/shift-staff-check.ts,231,utility / lib,service_role/server secret,TABLE_OR_VIEW,shift_csinfo_roster_view,select,supabaseAdmin,yes
famille_shift_matching,src/lib/shift/shift-staff-check.ts,237,utility / lib,service_role/server secret,TABLE_OR_VIEW,shift_csinfo_roster_view,select,supabaseAdmin,yes
famille_shift_matching,src/lib/shift/shift-staff-check.ts,243,utility / lib,service_role/server secret,TABLE_OR_VIEW,shift_csinfo_roster_view,select,supabaseAdmin,yes
famille_shift_matching,src/lib/shift/shift-staff-check.ts,379,utility / lib,service_role/server secret,TABLE_OR_VIEW,shift_csinfo_roster_view,select,supabaseAdmin,yes
famille_shift_matching,src/lib/shift/shift-staff-check.ts,547,utility / lib,service_role/server secret,TABLE_OR_VIEW,shift,select,supabaseAdmin,yes
famille_shift_matching,src/lib/shift/shift-staff-check.ts,580,utility / lib,service_role/server secret,TABLE_OR_VIEW,users,select,supabaseAdmin,yes
famille_shift_matching,src/lib/shift/shift-staff-check.ts,604,utility / lib,service_role/server secret,TABLE_OR_VIEW,orgs,select,supabaseAdmin,yes
famille_shift_matching,src/lib/shift/shift-staff-check.ts,681,utility / lib,service_role/server secret,TABLE_OR_VIEW,shift,select,supabaseAdmin,yes
famille_shift_matching,src/lib/shift/shift-staff-check.ts,818,utility / lib,service_role/server secret,TABLE_OR_VIEW,group_lw_channel_view,select,supabaseAdmin,yes
famille_shift_matching,src/lib/shift/shift_card_alert.ts,27,utility / lib,indirect/unknown,TABLE_OR_VIEW,cs_kaipoke_info,select,supabase,yes
famille_shift_matching,src/lib/shift/shift_card_alert.ts,141,utility / lib,indirect/unknown,TABLE_OR_VIEW,alert_log,insert,supabase,yes
famille_shift_matching,src/lib/shift/shift_record_check.ts,45,utility / lib,indirect/unknown,TABLE_OR_VIEW,user_entry_united_view_single,select,supabase,yes
famille_shift_matching,src/lib/shift/shift_record_check.ts,55,utility / lib,indirect/unknown,TABLE_OR_VIEW,group_lw_channel_view,select,supabase,yes
famille_shift_matching,src/lib/shift/shift_record_check.ts,71,utility / lib,indirect/unknown,TABLE_OR_VIEW,shift_shift_record_view,select,supabase,yes
famille_shift_matching,src/lib/shift/shift_shift_records.ts,133,utility / lib,indirect/unknown,TABLE_OR_VIEW,shift_shift_record_view,select,supabase,yes
famille_shift_matching,src/lib/rpa_request/kaipoke_user_add.ts,140,utility / lib,indirect/unknown,TABLE_OR_VIEW,rpa_command_requests,insert,supabase,yes
famille_shift_matching,src/lib/rpa/onboardingCandidates.ts,253,utility / lib,service_role/server secret,TABLE_OR_VIEW,cs_docs,select,supabaseAdmin,yes
famille_shift_matching,src/lib/rpa/onboardingCandidates.ts,283,utility / lib,service_role/server secret,TABLE_OR_VIEW,cs_docs,select,supabaseAdmin,yes
famille_shift_matching,src/lib/rpa/onboardingCandidates.ts,308,utility / lib,service_role/server secret,TABLE_OR_VIEW,cs_docs,update,supabaseAdmin,yes
famille_shift_matching,src/lib/rpa/taimee.ts,47,utility / lib,service_role/server secret,TABLE_OR_VIEW,users,select,supabaseAdmin,yes
famille_shift_matching,src/lib/roster/rosterDailyRepo.ts,167,utility / lib,indirect/unknown,TABLE_OR_VIEW,user_entry_united_view_single,select,SB,yes
famille_shift_matching,src/lib/roster/rosterDailyRepo.ts,175,utility / lib,indirect/unknown,TABLE_OR_VIEW,users,select,SB,yes
famille_shift_matching,src/lib/roster/rosterDailyRepo.ts,237,utility / lib,indirect/unknown,TABLE_OR_VIEW,shift_daily_dialog_view,select,SB,yes
famille_shift_matching,src/lib/roster/rosterDailyRepo.ts,268,utility / lib,indirect/unknown,TABLE_OR_VIEW,shift_csinfo_postalname_view,select,SB,yes
famille_shift_matching,src/lib/roster/weeklyDeployment.ts,49,utility / lib,service_role/server secret,TABLE_OR_VIEW,shift,select,supabaseAdmin,yes
famille_shift_matching,src/lib/roster/weeklyDeployment.ts,64,utility / lib,service_role/server secret,TABLE_OR_VIEW,shift_weekly_template,select,supabaseAdmin,yes
famille_shift_matching,src/lib/roster/weeklyDeployment.ts,65,utility / lib,service_role/server secret,TABLE_OR_VIEW,shift,select,supabaseAdmin,yes
famille_shift_matching,src/lib/roster/weeklyDeployment.ts,114,utility / lib,service_role/server secret,TABLE_OR_VIEW,shift,insert+delete,supabaseAdmin,yes
famille_shift_matching,src/lib/roster/weeklyDeployment.ts,120,utility / lib,service_role/server secret,TABLE_OR_VIEW,shift,insert+delete,supabaseAdmin,yes
famille_shift_matching,src/lib/roster/weeklyDeployment.ts,126,utility / lib,service_role/server secret,TABLE_OR_VIEW,shift,insert,supabaseAdmin,yes
famille_shift_matching,src/lib/plaud_support_progress_summary/notification.ts,101,utility / lib,indirect/unknown,TABLE_OR_VIEW,lw_channels,select,supabase,yes
famille_shift_matching,src/lib/plaud_support_progress_summary/plaud_support_progress_summary.ts,232,utility / lib,indirect/unknown,TABLE_OR_VIEW,cm_plaud_sum,select,supabase,yes
famille_shift_matching,src/lib/plaud_support_progress_summary/plaud_support_progress_summary.ts,253,utility / lib,indirect/unknown,TABLE_OR_VIEW,cm_plaud_sum_processing,select,supabase,yes
famille_shift_matching,src/lib/plaud_support_progress_summary/plaud_support_progress_summary.ts,278,utility / lib,indirect/unknown,TABLE_OR_VIEW,cm_plaud_sum_processing,select,supabase,yes
famille_shift_matching,src/lib/plaud_support_progress_summary/plaud_support_progress_summary.ts,293,utility / lib,indirect/unknown,TABLE_OR_VIEW,cm_plaud_sum,select,supabase,yes
famille_shift_matching,src/lib/plaud_support_progress_summary/plaud_support_progress_summary.ts,319,utility / lib,indirect/unknown,TABLE_OR_VIEW,cm_plaud_sum_processing,select,supabase,yes
famille_shift_matching,src/lib/plaud_support_progress_summary/plaud_support_progress_summary.ts,330,utility / lib,indirect/unknown,TABLE_OR_VIEW,cm_plaud_sum,select,supabase,yes
famille_shift_matching,src/lib/plaud_support_progress_summary/plaud_support_progress_summary.ts,576,utility / lib,indirect/unknown,TABLE_OR_VIEW,cm_plaud_sum_processing,insert+update,supabase,yes
famille_shift_matching,src/lib/plaud_support_progress_summary/plaud_support_progress_summary.ts,588,utility / lib,indirect/unknown,TABLE_OR_VIEW,cm_plaud_sum_processing,select+insert,supabase,yes
famille_shift_matching,src/lib/plaud_support_progress_summary/plaud_support_progress_summary.ts,665,utility / lib,indirect/unknown,TABLE_OR_VIEW,rpa_command_requests,select+insert+update,supabase,yes
famille_shift_matching,src/lib/plaud_support_progress_summary/plaud_support_progress_summary.ts,689,utility / lib,indirect/unknown,TABLE_OR_VIEW,cm_plaud_sum_processing,update,supabase,yes
famille_shift_matching,src/lib/plaud_support_progress_summary/plaud_support_progress_summary.ts,709,utility / lib,indirect/unknown,TABLE_OR_VIEW,cm_plaud_sum_processing,update,supabase,yes
famille_shift_matching,src/lib/plaud_support_progress_summary/plaud_support_progress_summary.ts,741,utility / lib,indirect/unknown,TABLE_OR_VIEW,cm_plaud_sum_processing,insert+update,supabase,yes
famille_shift_matching,src/lib/plaud_support_progress_summary/plaud_support_progress_summary.ts,753,utility / lib,indirect/unknown,TABLE_OR_VIEW,cm_plaud_sum_processing,insert,supabase,yes
famille_shift_matching,src/lib/monitoring/audit.ts,25,utility / lib,service_role/server secret,TABLE_OR_VIEW,client_monitoring_events,insert,supabaseAdmin,yes
famille_shift_matching,src/lib/monitoring/auth.ts,38,utility / lib,service_role/server secret,TABLE_OR_VIEW,users,select,supabaseAdmin,yes
famille_shift_matching,src/lib/monitoring/context.ts,62,utility / lib,service_role/server secret,TABLE_OR_VIEW,plan_long_term_goals,select,supabaseAdmin,yes
famille_shift_matching,src/lib/monitoring/context.ts,76,utility / lib,service_role/server secret,TABLE_OR_VIEW,plan_short_term_goals,select,supabaseAdmin,yes
famille_shift_matching,src/lib/monitoring/context.ts,119,utility / lib,service_role/server secret,TABLE_OR_VIEW,client_monitorings,select,supabaseAdmin,yes
famille_shift_matching,src/lib/monitoring/context.ts,135,utility / lib,service_role/server secret,TABLE_OR_VIEW,client_monitoring_goals,select,supabaseAdmin,yes
famille_shift_matching,src/lib/monitoring/context.ts,159,utility / lib,service_role/server secret,TABLE_OR_VIEW,cs_kaipoke_info,select,supabaseAdmin,yes
famille_shift_matching,src/lib/monitoring/context.ts,175,utility / lib,service_role/server secret,TABLE_OR_VIEW,assessments_records,select,supabaseAdmin,yes
famille_shift_matching,src/lib/monitoring/context.ts,186,utility / lib,service_role/server secret,TABLE_OR_VIEW,plans,select,supabaseAdmin,yes
famille_shift_matching,src/lib/monitoring/context.ts,195,utility / lib,service_role/server secret,TABLE_OR_VIEW,cm_kaipoke_insurance,select,supabaseAdmin,yes
famille_shift_matching,src/lib/monitoring/context.ts,204,utility / lib,service_role/server secret,TABLE_OR_VIEW,cm_kaipoke_support_office,select,supabaseAdmin,yes
famille_shift_matching,src/lib/monitoring/context.ts,259,utility / lib,service_role/server secret,TABLE_OR_VIEW,fax,select,supabaseAdmin,yes
famille_shift_matching,src/lib/monitoring/context.ts,276,utility / lib,service_role/server secret,TABLE_OR_VIEW,orgs,select,supabaseAdmin,yes
famille_shift_matching,src/lib/monitoring/notices.ts,29,utility / lib,service_role/server secret,TABLE_OR_VIEW,monitoring_monthly_notices,select,supabaseAdmin,no
famille_shift_matching,src/lib/monitoring/repository.ts,7,utility / lib,service_role/server secret,TABLE_OR_VIEW,client_monitorings,select,supabaseAdmin,yes
famille_shift_matching,src/lib/monitoring/repository.ts,18,utility / lib,service_role/server secret,TABLE_OR_VIEW,client_monitoring_goals,select,supabaseAdmin,yes
famille_shift_matching,src/lib/lineworks/informationLinkGroup.ts,47,utility / lib,service_role/server secret,TABLE_OR_VIEW,user_org_exception,select,supabaseAdmin,yes
famille_shift_matching,src/lib/lineworks/informationLinkGroup.ts,64,utility / lib,service_role/server secret,TABLE_OR_VIEW,users,select,supabaseAdmin,yes
famille_shift_matching,src/lib/lineworks/informationLinkGroup.ts,76,utility / lib,service_role/server secret,TABLE_OR_VIEW,user_entry_united_view_single,select,supabaseAdmin,yes
famille_shift_matching,src/lib/lineworks/informationLinkGroup.ts,118,utility / lib,service_role/server secret,TABLE_OR_VIEW,group_lw_channel_view,select,supabaseAdmin,yes
famille_shift_matching,src/lib/lineworks/refreshAccessToken.ts,60,utility / lib,indirect/unknown,TABLE_OR_VIEW,env_variables,upsert,supabase,yes
famille_shift_matching,src/lib/lineworks/resolveClientManagerMentions.ts,71,utility / lib,service_role/server secret,TABLE_OR_VIEW,cs_kaipoke_info,select,supabaseAdmin,yes
famille_shift_matching,src/lib/lineworks/resolveClientManagerMentions.ts,95,utility / lib,service_role/server secret,TABLE_OR_VIEW,orgs,select,supabaseAdmin,yes
famille_shift_matching,src/lib/lineworks/resolveClientManagerMentions.ts,96,utility / lib,service_role/server secret,TABLE_OR_VIEW,user_org_exception,select,supabaseAdmin,yes
famille_shift_matching,src/lib/lineworks/resolveClientManagerMentions.ts,97,utility / lib,service_role/server secret,TABLE_OR_VIEW,users,select,supabaseAdmin,yes
famille_shift_matching,src/lib/lineworks/resolveClientManagerMentions.ts,110,utility / lib,service_role/server secret,TABLE_OR_VIEW,users,select,supabaseAdmin,yes
famille_shift_matching,src/lib/lineworks/sendLWBotMentionMessage.ts,94,utility / lib,service_role/server secret,TABLE_OR_VIEW,group_lw_channel_info,select,supabaseAdmin,yes
famille_shift_matching,src/lib/lineworks/sendLWBotMentionMessage.ts,107,utility / lib,service_role/server secret,TABLE_OR_VIEW,group_lw_channel_view,select,supabaseAdmin,yes
famille_shift_matching,src/lib/lineworks/sendLWBotMessage.ts,11,utility / lib,service_role/server secret,TABLE_OR_VIEW,group_lw_channel_info,select,supabaseAdmin,yes
famille_shift_matching,src/lib/lineworks/shiftChangeNotify.ts,55,utility / lib,service_role/server secret,TABLE_OR_VIEW,users,select,supabaseAdmin,yes
famille_shift_matching,src/lib/lineworks/shiftChangeNotify.ts,240,utility / lib,service_role/server secret,TABLE_OR_VIEW,cs_kaipoke_info,select,supabaseAdmin,yes
famille_shift_matching,src/lib/lineworks/shiftChangeNotify.ts,249,utility / lib,service_role/server secret,TABLE_OR_VIEW,group_lw_channel_view,select,supabaseAdmin,yes
famille_shift_matching,src/lib/lineworks/shiftChangeNotify.ts,265,utility / lib,service_role/server secret,TABLE_OR_VIEW,user_entry_united_view_single,select,supabaseAdmin,yes
famille_shift_matching,src/lib/faximo/client.ts,145,utility / lib,indirect/unknown,TABLE_OR_VIEW,${loginId}:${password},unknown,Buffer,no
famille_shift_matching,src/lib/entry/notifications.ts,11,utility / lib,service_role/server secret,TABLE_OR_VIEW,group_lw_channel_view,select,supabaseAdmin,yes
famille_shift_matching,src/lib/disability/disability_check_record_check.ts,87,utility / lib,service_role/server secret,TABLE_OR_VIEW,disability_check,select,supabaseAdmin,yes
famille_shift_matching,src/lib/disability/disability_check_record_check.ts,114,utility / lib,service_role/server secret,TABLE_OR_VIEW,cs_kaipoke_info,select,supabaseAdmin,yes
famille_shift_matching,src/lib/disability/disability_check_record_check.ts,144,utility / lib,service_role/server secret,TABLE_OR_VIEW,orgs,select,supabaseAdmin,yes
famille_shift_matching,src/lib/disability/disability_check_unsubmitted_alert.ts,108,utility / lib,service_role/server secret,TABLE_OR_VIEW,groups_lw,select,supabaseAdmin,yes
famille_shift_matching,src/lib/disability/disability_check_unsubmitted_alert.ts,146,utility / lib,service_role/server secret,TABLE_OR_VIEW,group_lw_channel_view,select,supabaseAdmin,yes
famille_shift_matching,src/lib/disability/disability_check_unsubmitted_alert.ts,193,utility / lib,service_role/server secret,TABLE_OR_VIEW,user_entry_united_view_single,select,supabaseAdmin,yes
famille_shift_matching,src/lib/disability/disability_check_unsubmitted_alert.ts,222,utility / lib,service_role/server secret,TABLE_OR_VIEW,orgs,select,supabaseAdmin,yes
famille_shift_matching,src/lib/disability/disability_check_unsubmitted_alert.ts,268,utility / lib,service_role/server secret,TABLE_OR_VIEW,disability_check_view,select,supabaseAdmin,yes
famille_shift_matching,src/lib/disability/disability_check_unsubmitted_alert.ts,465,utility / lib,service_role/server secret,TABLE_OR_VIEW,disability_check_view,select,supabaseAdmin,yes
famille_shift_matching,src/lib/disability/shogaiJukyushaRenewalAlert.ts,115,utility / lib,service_role/server secret,TABLE_OR_VIEW,group_lw_channel_view,select,supabaseAdmin,yes
famille_shift_matching,src/lib/disability/shogaiJukyushaRenewalAlert.ts,138,utility / lib,service_role/server secret,TABLE_OR_VIEW,cs_kaipoke_info,select+update,supabaseAdmin,yes
famille_shift_matching,src/lib/disability/shogaiJukyushaRenewalAlert.ts,161,utility / lib,service_role/server secret,TABLE_OR_VIEW,cs_kaipoke_info,select,supabaseAdmin,yes
famille_shift_matching,src/lib/disability/shogaiJukyushaRenewalAlert.ts,175,utility / lib,service_role/server secret,TABLE_OR_VIEW,shift,select,supabaseAdmin,yes
famille_shift_matching,src/lib/disability/shogaiJukyushaRenewalAlert.ts,197,utility / lib,service_role/server secret,TABLE_OR_VIEW,groups_lw,select,supabaseAdmin,yes
famille_shift_matching,src/lib/disability/shogaiJukyushaRenewalAlert.ts,199,utility / lib,service_role/server secret,TABLE_OR_VIEW,orgs,select,supabaseAdmin,yes
famille_shift_matching,src/lib/disability/shogaiJukyushaRenewalAlert.ts,202,utility / lib,service_role/server secret,TABLE_OR_VIEW,user_org_exception,select,supabaseAdmin,yes
famille_shift_matching,src/lib/disability/shogaiJukyushaRenewalAlert.ts,214,utility / lib,service_role/server secret,TABLE_OR_VIEW,users,select,supabaseAdmin,yes
famille_shift_matching,src/lib/disability/shogaiJukyushaRenewalAlert.ts,244,utility / lib,service_role/server secret,TABLE_OR_VIEW,user_entry_united_view_single,select,supabaseAdmin,yes
famille_shift_matching,src/lib/cm/serviceCredentials.ts,40,utility / lib,service_role/server secret,TABLE_OR_VIEW,cm_rpa_credentials,select,supabaseAdmin,yes
famille_shift_matching,src/lib/cm/userAdapter.ts,30,utility / lib,indirect/unknown,TABLE_OR_VIEW,form_entries,select,supabase,yes
famille_shift_matching,src/lib/cm/userAdapter.ts,42,utility / lib,indirect/unknown,TABLE_OR_VIEW,users,select,supabase,yes
famille_shift_matching,src/lib/cm/userAdapter.ts,82,utility / lib,indirect/unknown,TABLE_OR_VIEW,form_entries,update,supabase,yes
famille_shift_matching,src/lib/cm/supabase/cmSupabaseRetry.ts,86,utility / lib,service_role/server secret,TABLE_OR_VIEW,cm_kaipoke_info,select,supabaseAdmin,yes
famille_shift_matching,src/lib/cm/service-credentials/actions.ts,124,Server Action,service_role/server secret,TABLE_OR_VIEW,cm_rpa_credentials,select,supabaseAdmin,yes
famille_shift_matching,src/lib/cm/service-credentials/actions.ts,195,Server Action,service_role/server secret,TABLE_OR_VIEW,cm_rpa_credentials,select+insert,supabaseAdmin,yes
famille_shift_matching,src/lib/cm/service-credentials/actions.ts,210,Server Action,service_role/server secret,TABLE_OR_VIEW,cm_rpa_credentials,select+insert,supabaseAdmin,yes
famille_shift_matching,src/lib/cm/service-credentials/actions.ts,304,Server Action,service_role/server secret,TABLE_OR_VIEW,cm_rpa_credentials,select,supabaseAdmin,yes
famille_shift_matching,src/lib/cm/service-credentials/actions.ts,316,Server Action,service_role/server secret,TABLE_OR_VIEW,cm_rpa_credentials,select,supabaseAdmin,yes
famille_shift_matching,src/lib/cm/service-credentials/actions.ts,346,Server Action,service_role/server secret,TABLE_OR_VIEW,cm_rpa_credentials,select+update,supabaseAdmin,yes
famille_shift_matching,src/lib/cm/service-credentials/actions.ts,400,Server Action,service_role/server secret,TABLE_OR_VIEW,cm_rpa_credentials,select+delete,supabaseAdmin,yes
famille_shift_matching,src/lib/cm/service-credentials/actions.ts,406,Server Action,service_role/server secret,TABLE_OR_VIEW,cm_rpa_credentials,delete,supabaseAdmin,yes
famille_shift_matching,src/lib/cm/service-credentials/getServiceCredentials.ts,66,utility / lib,service_role/server secret,TABLE_OR_VIEW,cm_rpa_credentials,select,supabaseAdmin,yes
famille_shift_matching,src/lib/cm/scheduled-jobs/actions.ts,59,Server Action,service_role/server secret,TABLE_OR_VIEW,cm_job_types,select+update,supabaseAdmin,yes
famille_shift_matching,src/lib/cm/scheduled-jobs/actions.ts,70,Server Action,service_role/server secret,TABLE_OR_VIEW,cm_job_types,update,supabaseAdmin,yes
famille_shift_matching,src/lib/cm/scheduled-jobs/actions.ts,136,Server Action,service_role/server secret,TABLE_OR_VIEW,cm_job_types,update,supabaseAdmin,yes
famille_shift_matching,src/lib/cm/scheduled-jobs/actions.ts,179,Server Action,service_role/server secret,TABLE_OR_VIEW,cm_job_types,update,supabaseAdmin,yes
famille_shift_matching,src/lib/cm/scheduled-jobs/actions.ts,235,Server Action,service_role/server secret,TABLE_OR_VIEW,cm_job_types,update,supabaseAdmin,yes
famille_shift_matching,src/lib/cm/scheduled-jobs/actions.ts,280,Server Action,service_role/server secret,TABLE_OR_VIEW,cm_job_types,update,supabaseAdmin,yes
famille_shift_matching,src/lib/cm/scheduled-jobs/executor.ts,33,utility / lib,service_role/server secret,TABLE_OR_VIEW,cm_job_types,select,supabaseAdmin,yes
famille_shift_matching,src/lib/cm/scheduled-jobs/executor.ts,100,utility / lib,service_role/server secret,TABLE_OR_VIEW,cm_job_types,select,supabaseAdmin,yes
famille_shift_matching,src/lib/cm/scheduled-jobs/executor.ts,173,utility / lib,service_role/server secret,TABLE_OR_VIEW,cm_jobs,select+insert,supabaseAdmin,yes
famille_shift_matching,src/lib/cm/scheduled-jobs/executor.ts,228,utility / lib,service_role/server secret,TABLE_OR_VIEW,cm_jobs,select+update,supabaseAdmin,yes
famille_shift_matching,src/lib/cm/scheduled-jobs/executor.ts,247,utility / lib,service_role/server secret,TABLE_OR_VIEW,cm_jobs,update,supabaseAdmin,yes
famille_shift_matching,src/lib/cm/scheduled-jobs/executor.ts,303,utility / lib,service_role/server secret,TABLE_OR_VIEW,cm_scheduled_job_runs,insert+update,supabaseAdmin,yes
famille_shift_matching,src/lib/cm/scheduled-jobs/executor.ts,328,utility / lib,service_role/server secret,TABLE_OR_VIEW,cm_job_types,update,supabaseAdmin,yes
famille_shift_matching,src/lib/cm/scheduled-jobs/getAvailableJobTypes.ts,25,utility / lib,service_role/server secret,TABLE_OR_VIEW,cm_job_types,select,supabaseAdmin,yes
famille_shift_matching,src/lib/cm/scheduled-jobs/getScheduledJobTypes.ts,25,utility / lib,service_role/server secret,TABLE_OR_VIEW,cm_job_types,select,supabaseAdmin,yes
famille_shift_matching,src/lib/cm/scheduled-jobs/getScheduleRuns.ts,32,utility / lib,service_role/server secret,TABLE_OR_VIEW,cm_scheduled_job_runs,select,supabaseAdmin,yes
famille_shift_matching,src/lib/cm/scheduled-jobs/getScheduleRunsClient.ts,37,Server Action,service_role/server secret,TABLE_OR_VIEW,cm_scheduled_job_runs,select,supabaseAdmin,yes
famille_shift_matching,src/lib/cm/scheduled-jobs/runScheduleAction.ts,40,Server Action,service_role/server secret,TABLE_OR_VIEW,cm_job_types,select,supabaseAdmin,yes
famille_shift_matching,src/lib/cm/scheduled-jobs/runScheduleAction.ts,116,Server Action,service_role/server secret,TABLE_OR_VIEW,cm_jobs,select+insert,supabaseAdmin,yes
famille_shift_matching,src/lib/cm/scheduled-jobs/runScheduleAction.ts,147,Server Action,service_role/server secret,TABLE_OR_VIEW,cm_schedule_runs,select+insert,supabaseAdmin,no
famille_shift_matching,src/lib/cm/scheduled-jobs/runScheduleAction.ts,166,Server Action,service_role/server secret,TABLE_OR_VIEW,cm_jobs,select+update,supabaseAdmin,yes
famille_shift_matching,src/lib/cm/scheduled-jobs/runScheduleAction.ts,179,Server Action,service_role/server secret,TABLE_OR_VIEW,cm_jobs,update,supabaseAdmin,yes
famille_shift_matching,src/lib/cm/rpa-jobs/core.ts,84,utility / lib,service_role/server secret,TABLE_OR_VIEW,cm_job_queues,select,supabaseAdmin,yes
famille_shift_matching,src/lib/cm/rpa-jobs/core.ts,96,utility / lib,service_role/server secret,TABLE_OR_VIEW,cm_job_types,select,supabaseAdmin,yes
famille_shift_matching,src/lib/cm/rpa-jobs/core.ts,144,utility / lib,service_role/server secret,TABLE_OR_VIEW,cm_jobs_with_progress,select,supabaseAdmin,yes
famille_shift_matching,src/lib/cm/rpa-jobs/core.ts,191,utility / lib,service_role/server secret,TABLE_OR_VIEW,cm_jobs,select,supabaseAdmin,yes
famille_shift_matching,src/lib/cm/rpa-jobs/core.ts,202,utility / lib,service_role/server secret,TABLE_OR_VIEW,cm_job_items,select,supabaseAdmin,yes
famille_shift_matching,src/lib/cm/rpa-jobs/core.ts,259,utility / lib,service_role/server secret,TABLE_OR_VIEW,cm_job_queues,select,supabaseAdmin,yes
famille_shift_matching,src/lib/cm/rpa-jobs/core.ts,271,utility / lib,service_role/server secret,TABLE_OR_VIEW,cm_job_types,select+insert,supabaseAdmin,yes
famille_shift_matching,src/lib/cm/rpa-jobs/core.ts,285,utility / lib,service_role/server secret,TABLE_OR_VIEW,cm_jobs,select+insert,supabaseAdmin,yes
famille_shift_matching,src/lib/cm/rpa-jobs/core.ts,303,utility / lib,service_role/server secret,TABLE_OR_VIEW,cm_jobs,select+insert,supabaseAdmin,yes
famille_shift_matching,src/lib/cm/rpa-jobs/core.ts,369,utility / lib,service_role/server secret,TABLE_OR_VIEW,cm_jobs,select+update,supabaseAdmin,yes
famille_shift_matching,src/lib/cm/rpa/auth.ts,58,utility / lib,service_role/server secret,TABLE_OR_VIEW,cm_rpa_api_keys,select,supabaseAdmin,yes
famille_shift_matching,src/lib/cm/rpa/cmRpaJobItemHelper.ts,35,utility / lib,service_role/server secret,TABLE_OR_VIEW,cm_job_items,update,supabaseAdmin,yes
famille_shift_matching,src/lib/cm/rpa/cmRpaJobItemHelper.ts,59,utility / lib,service_role/server secret,TABLE_OR_VIEW,cm_job_items,update,supabaseAdmin,yes
famille_shift_matching,src/lib/cm/rpa/cmRpaJobValidation.ts,16,utility / lib,service_role/server secret,TABLE_OR_VIEW,cm_job_queues,select,supabaseAdmin,yes
famille_shift_matching,src/lib/cm/rpa/cmRpaJobValidation.ts,35,utility / lib,service_role/server secret,TABLE_OR_VIEW,cm_job_types,select,supabaseAdmin,yes
famille_shift_matching,src/lib/cm/rpa/jobHandler.ts,62,utility / lib,service_role/server secret,TABLE_OR_VIEW,cm_job_items,update,supabaseAdmin,yes
famille_shift_matching,src/lib/cm/plaud/auth.ts,77,utility / lib,service_role/server secret,TABLE_OR_VIEW,users,select,supabaseAdmin,yes
famille_shift_matching,src/lib/cm/plaud/generate.ts,84,Server Action,service_role/server secret,TABLE_OR_VIEW,cm_plaud_mgmt_templates,select,supabaseAdmin,yes
famille_shift_matching,src/lib/cm/plaud/history.ts,75,Server Action,service_role/server secret,TABLE_OR_VIEW,cm_plaud_mgmt_history,select,supabaseAdmin,yes
famille_shift_matching,src/lib/cm/plaud/history.ts,120,Server Action,service_role/server secret,TABLE_OR_VIEW,cm_plaud_mgmt_transcriptions,select,supabaseAdmin,yes
famille_shift_matching,src/lib/cm/plaud/history.ts,133,Server Action,service_role/server secret,TABLE_OR_VIEW,cm_plaud_mgmt_templates,select,supabaseAdmin,yes
famille_shift_matching,src/lib/cm/plaud/history.ts,146,Server Action,service_role/server secret,TABLE_OR_VIEW,cm_kaipoke_info,select,supabaseAdmin,yes
famille_shift_matching,src/lib/cm/plaud/history.ts,210,Server Action,service_role/server secret,TABLE_OR_VIEW,cm_plaud_mgmt_history,select,supabaseAdmin,yes
famille_shift_matching,src/lib/cm/plaud/history.ts,225,Server Action,service_role/server secret,TABLE_OR_VIEW,cm_plaud_mgmt_transcriptions,select,supabaseAdmin,yes
famille_shift_matching,src/lib/cm/plaud/history.ts,234,Server Action,service_role/server secret,TABLE_OR_VIEW,cm_plaud_mgmt_templates,select,supabaseAdmin,yes
famille_shift_matching,src/lib/cm/plaud/history.ts,288,Server Action,service_role/server secret,TABLE_OR_VIEW,cm_plaud_mgmt_transcriptions,select,supabaseAdmin,yes
famille_shift_matching,src/lib/cm/plaud/history.ts,299,Server Action,service_role/server secret,TABLE_OR_VIEW,cm_plaud_mgmt_templates,select+insert,supabaseAdmin,yes
famille_shift_matching,src/lib/cm/plaud/history.ts,324,Server Action,service_role/server secret,TABLE_OR_VIEW,cm_plaud_mgmt_history,select+insert,supabaseAdmin,yes
famille_shift_matching,src/lib/cm/plaud/history.ts,370,Server Action,service_role/server secret,TABLE_OR_VIEW,cm_plaud_mgmt_history,select+update,supabaseAdmin,yes
famille_shift_matching,src/lib/cm/plaud/history.ts,381,Server Action,service_role/server secret,TABLE_OR_VIEW,cm_plaud_mgmt_history,select+update,supabaseAdmin,yes
famille_shift_matching,src/lib/cm/plaud/history.ts,424,Server Action,service_role/server secret,TABLE_OR_VIEW,cm_plaud_mgmt_history,select+delete,supabaseAdmin,yes
famille_shift_matching,src/lib/cm/plaud/history.ts,435,Server Action,service_role/server secret,TABLE_OR_VIEW,cm_plaud_mgmt_history,delete,supabaseAdmin,yes
famille_shift_matching,src/lib/cm/plaud/templates.ts,79,Server Action,service_role/server secret,TABLE_OR_VIEW,cm_plaud_mgmt_templates,select,supabaseAdmin,yes
famille_shift_matching,src/lib/cm/plaud/templates.ts,114,Server Action,service_role/server secret,TABLE_OR_VIEW,cm_plaud_mgmt_templates,select,supabaseAdmin,yes
famille_shift_matching,src/lib/cm/plaud/templates.ts,170,Server Action,service_role/server secret,TABLE_OR_VIEW,cm_plaud_mgmt_templates,select+insert,supabaseAdmin,yes
famille_shift_matching,src/lib/cm/plaud/templates.ts,191,Server Action,service_role/server secret,TABLE_OR_VIEW,cm_plaud_mgmt_templates,select+insert,supabaseAdmin,yes
famille_shift_matching,src/lib/cm/plaud/templates.ts,275,Server Action,service_role/server secret,TABLE_OR_VIEW,cm_plaud_mgmt_templates,select+update,supabaseAdmin,yes
famille_shift_matching,src/lib/cm/plaud/templates.ts,321,Server Action,service_role/server secret,TABLE_OR_VIEW,cm_plaud_mgmt_templates,select+delete,supabaseAdmin,yes
famille_shift_matching,src/lib/cm/plaud/templates.ts,332,Server Action,service_role/server secret,TABLE_OR_VIEW,cm_plaud_mgmt_templates,delete,supabaseAdmin,yes
famille_shift_matching,src/lib/cm/plaud/transcriptions.ts,88,Server Action,service_role/server secret,TABLE_OR_VIEW,cm_kaipoke_info,select,supabaseAdmin,yes
famille_shift_matching,src/lib/cm/plaud/transcriptions.ts,100,Server Action,service_role/server secret,TABLE_OR_VIEW,cm_kaipoke_info,select,supabaseAdmin,yes
famille_shift_matching,src/lib/cm/plaud/transcriptions.ts,123,Server Action,service_role/server secret,TABLE_OR_VIEW,cm_plaud_mgmt_transcriptions,select,supabaseAdmin,yes
famille_shift_matching,src/lib/cm/plaud/transcriptions.ts,164,Server Action,service_role/server secret,TABLE_OR_VIEW,cm_plaud_mgmt_transcriptions,select,supabaseAdmin,yes
famille_shift_matching,src/lib/cm/plaud/transcriptions.ts,259,Server Action,service_role/server secret,TABLE_OR_VIEW,cm_plaud_mgmt_transcriptions,select,supabaseAdmin,yes
famille_shift_matching,src/lib/cm/plaud/transcriptions.ts,288,Server Action,service_role/server secret,TABLE_OR_VIEW,cm_plaud_mgmt_transcriptions,select+update,supabaseAdmin,yes
famille_shift_matching,src/lib/cm/plaud/transcriptions.ts,339,Server Action,service_role/server secret,TABLE_OR_VIEW,cm_plaud_mgmt_transcriptions,select+update,supabaseAdmin,yes
famille_shift_matching,src/lib/cm/plaud/transcriptions.ts,351,Server Action,service_role/server secret,TABLE_OR_VIEW,cm_plaud_mgmt_transcriptions,select+update,supabaseAdmin,yes
famille_shift_matching,src/lib/cm/other-offices/actions.ts,66,Server Action,service_role/server secret,TABLE_OR_VIEW,cm_kaipoke_other_office,select+update,supabaseAdmin,yes
famille_shift_matching,src/lib/cm/other-offices/actions.ts,117,Server Action,service_role/server secret,TABLE_OR_VIEW,cm_kaipoke_other_office,select,supabaseAdmin,yes
famille_shift_matching,src/lib/cm/other-offices/getOtherOffices.ts,68,utility / lib,service_role/server secret,TABLE_OR_VIEW,cm_kaipoke_other_office,select,supabaseAdmin,yes
famille_shift_matching,src/lib/cm/other-offices/getOtherOffices.ts,133,utility / lib,service_role/server secret,TABLE_OR_VIEW,cm_kaipoke_other_office,select,supabaseAdmin,yes
famille_shift_matching,src/lib/cm/master/getOwnOffice.ts,41,Server Action,service_role/server secret,TABLE_OR_VIEW,cm_own_office,select,supabaseAdmin,yes
famille_shift_matching,src/lib/cm/master/getOwnOffice.ts,74,Server Action,service_role/server secret,TABLE_OR_VIEW,cm_own_office,select,supabaseAdmin,yes
famille_shift_matching,src/lib/cm/master/getOwnOffice.ts,107,Server Action,service_role/server secret,TABLE_OR_VIEW,cm_own_office,select,supabaseAdmin,yes
famille_shift_matching,src/lib/cm/master/getSelectOptions.ts,40,Server Action,service_role/server secret,TABLE_OR_VIEW,cm_select_options,select,supabaseAdmin,yes
famille_shift_matching,src/lib/cm/master/getSelectOptions.ts,72,Server Action,service_role/server secret,TABLE_OR_VIEW,cm_select_options,select,supabaseAdmin,yes
famille_shift_matching,src/lib/cm/local-fax-phonebook/actions.ts,122,Server Action,service_role/server secret,TABLE_OR_VIEW,cm_local_fax_phonebook,select+insert,supabaseAdmin,yes
famille_shift_matching,src/lib/cm/local-fax-phonebook/actions.ts,181,Server Action,service_role/server secret,TABLE_OR_VIEW,cm_local_fax_phonebook,select,supabaseAdmin,yes
famille_shift_matching,src/lib/cm/local-fax-phonebook/actions.ts,226,Server Action,service_role/server secret,TABLE_OR_VIEW,cm_local_fax_phonebook,select+update,supabaseAdmin,yes
famille_shift_matching,src/lib/cm/local-fax-phonebook/actions.ts,271,Server Action,service_role/server secret,TABLE_OR_VIEW,cm_local_fax_phonebook,select+delete,supabaseAdmin,yes
famille_shift_matching,src/lib/cm/local-fax-phonebook/actions.ts,290,Server Action,service_role/server secret,TABLE_OR_VIEW,cm_local_fax_phonebook,delete,supabaseAdmin,yes
famille_shift_matching,src/lib/cm/local-fax-phonebook/cmKaipokeMatchByFax.ts,32,utility / lib,service_role/server secret,TABLE_OR_VIEW,cm_kaipoke_other_office,select,supabaseAdmin,yes
famille_shift_matching,src/lib/cm/local-fax-phonebook/getLocalFaxPhonebook.ts,67,utility / lib,service_role/server secret,TABLE_OR_VIEW,cm_local_fax_phonebook,select,supabaseAdmin,yes
famille_shift_matching,src/lib/cm/home/getHomeSummary.ts,120,Server Action,service_role/server secret,TABLE_OR_VIEW,users,select,supabaseAdmin,yes
famille_shift_matching,src/lib/cm/home/getHomeSummary.ts,144,Server Action,service_role/server secret,TABLE_OR_VIEW,cm_kaipoke_support_office,select,supabaseAdmin,yes
famille_shift_matching,src/lib/cm/home/getHomeSummary.ts,235,Server Action,service_role/server secret,TABLE_OR_VIEW,cm_kaipoke_info,select,supabaseAdmin,yes
famille_shift_matching,src/lib/cm/home/getHomeSummary.ts,243,Server Action,service_role/server secret,TABLE_OR_VIEW,cm_contracts,select,supabaseAdmin,yes
famille_shift_matching,src/lib/cm/home/getHomeSummary.ts,251,Server Action,service_role/server secret,TABLE_OR_VIEW,cm_contracts,select,supabaseAdmin,yes
famille_shift_matching,src/lib/cm/home/getHomeSummary.ts,260,Server Action,service_role/server secret,TABLE_OR_VIEW,cm_plaud_mgmt_transcriptions,select,supabaseAdmin,yes
famille_shift_matching,src/lib/cm/home/getHomeSummary.ts,267,Server Action,service_role/server secret,TABLE_OR_VIEW,cm_contracts,select,supabaseAdmin,yes
famille_shift_matching,src/lib/cm/home/getHomeSummary.ts,275,Server Action,service_role/server secret,TABLE_OR_VIEW,cm_plaud_mgmt_transcriptions,select,supabaseAdmin,yes
famille_shift_matching,src/lib/cm/home/getHomeSummary.ts,283,Server Action,service_role/server secret,TABLE_OR_VIEW,cm_contracts,select,supabaseAdmin,yes
famille_shift_matching,src/lib/cm/home/getHomeSummary.ts,292,Server Action,service_role/server secret,TABLE_OR_VIEW,cm_plaud_mgmt_transcriptions,select,supabaseAdmin,yes
famille_shift_matching,src/lib/cm/home/getHomeSummary.ts,301,Server Action,service_role/server secret,TABLE_OR_VIEW,cm_contracts,select,supabaseAdmin,yes
famille_shift_matching,src/lib/cm/home/getHomeSummary.ts,309,Server Action,service_role/server secret,TABLE_OR_VIEW,cm_plaud_mgmt_transcriptions,select,supabaseAdmin,yes
famille_shift_matching,src/lib/cm/home/getHomeSummary.ts,366,Server Action,service_role/server secret,TABLE_OR_VIEW,cm_kaipoke_info,select,supabaseAdmin,yes
famille_shift_matching,src/lib/cm/home/getHomeSummary.ts,382,Server Action,service_role/server secret,TABLE_OR_VIEW,cm_contract_documents,select,supabaseAdmin,yes
famille_shift_matching,src/lib/cm/contracts/actions.ts,102,Server Action,service_role/server secret,TABLE_OR_VIEW,cm_contract_consents,select+insert,supabaseAdmin,yes
famille_shift_matching,src/lib/cm/contracts/actions.ts,206,Server Action,service_role/server secret,TABLE_OR_VIEW,cm_contracts,update,supabaseAdmin,yes
famille_shift_matching,src/lib/cm/contracts/actions.ts,239,Server Action,service_role/server secret,TABLE_OR_VIEW,cm_contract_verification_methods,select,supabaseAdmin,yes
famille_shift_matching,src/lib/cm/contracts/actions.ts,270,Server Action,service_role/server secret,TABLE_OR_VIEW,cm_contract_verification_documents,select,supabaseAdmin,yes
famille_shift_matching,src/lib/cm/contracts/createContract.ts,108,Server Action,service_role/server secret,TABLE_OR_VIEW,cm_contracts,select+insert,supabaseAdmin,yes
famille_shift_matching,src/lib/cm/contracts/createContract.ts,132,Server Action,service_role/server secret,TABLE_OR_VIEW,cm_contract_form_data,insert,supabaseAdmin,yes
famille_shift_matching,src/lib/cm/contracts/createContract.ts,292,Server Action,service_role/server secret,TABLE_OR_VIEW,cm_contracts,delete,supabaseAdmin,yes
famille_shift_matching,src/lib/cm/contracts/createContract.ts,313,Server Action,service_role/server secret,TABLE_OR_VIEW,cm_contracts,delete,supabaseAdmin,yes
famille_shift_matching,src/lib/cm/contracts/createContract.ts,331,Server Action,service_role/server secret,TABLE_OR_VIEW,cm_contracts,select+insert+delete,supabaseAdmin,yes
famille_shift_matching,src/lib/cm/contracts/createContract.ts,339,Server Action,service_role/server secret,TABLE_OR_VIEW,cm_contract_documents,select+insert+delete,supabaseAdmin,yes
famille_shift_matching,src/lib/cm/contracts/createContract.ts,355,Server Action,service_role/server secret,TABLE_OR_VIEW,cm_contracts,insert+delete,supabaseAdmin,yes
famille_shift_matching,src/lib/cm/contracts/createContract.ts,371,Server Action,service_role/server secret,TABLE_OR_VIEW,cm_contract_document_signers,insert+delete,supabaseAdmin,yes
famille_shift_matching,src/lib/cm/contracts/createContract.ts,378,Server Action,service_role/server secret,TABLE_OR_VIEW,cm_contract_documents,delete,supabaseAdmin,yes
famille_shift_matching,src/lib/cm/contracts/createContract.ts,379,Server Action,service_role/server secret,TABLE_OR_VIEW,cm_contracts,delete,supabaseAdmin,yes
famille_shift_matching,src/lib/cm/contracts/digisignerApi.ts,95,utility / lib,indirect/unknown,TABLE_OR_VIEW,\r\n--${boundary}--\r\n,unknown,Buffer,no
famille_shift_matching,src/lib/cm/contracts/getClientInfoForContract.ts,43,Server Action,service_role/server secret,TABLE_OR_VIEW,cm_kaipoke_info,select,supabaseAdmin,yes
famille_shift_matching,src/lib/cm/contracts/getClientInfoForContract.ts,69,Server Action,service_role/server secret,TABLE_OR_VIEW,cm_kaipoke_insurance,select,supabaseAdmin,yes
famille_shift_matching,src/lib/cm/contracts/getClientInfoForContract.ts,121,Server Action,service_role/server secret,TABLE_OR_VIEW,users,select,supabaseAdmin,yes
famille_shift_matching,src/lib/cm/contracts/getClientInfoForContract.ts,132,Server Action,service_role/server secret,TABLE_OR_VIEW,form_entries,select,supabaseAdmin,yes
famille_shift_matching,src/lib/cm/contracts/getContractDetail.ts,48,Server Action,service_role/server secret,TABLE_OR_VIEW,cm_contracts,select,supabaseAdmin,yes
famille_shift_matching,src/lib/cm/contracts/getContractDetail.ts,70,Server Action,service_role/server secret,TABLE_OR_VIEW,cm_contract_documents,select,supabaseAdmin,yes
famille_shift_matching,src/lib/cm/contracts/getContractDetail.ts,88,Server Action,service_role/server secret,TABLE_OR_VIEW,cm_contract_document_signers,select,supabaseAdmin,yes
famille_shift_matching,src/lib/cm/contracts/getContractDetail.ts,116,Server Action,service_role/server secret,TABLE_OR_VIEW,cm_contract_consents,select,supabaseAdmin,yes
famille_shift_matching,src/lib/cm/contracts/getContractDetail.ts,133,Server Action,service_role/server secret,TABLE_OR_VIEW,cm_plaud_mgmt_transcriptions,select,supabaseAdmin,yes
famille_shift_matching,src/lib/cm/contracts/getContractDetail.ts,149,Server Action,service_role/server secret,TABLE_OR_VIEW,cm_kaipoke_info,select,supabaseAdmin,yes
famille_shift_matching,src/lib/cm/contracts/getContractDetail.ts,216,Server Action,service_role/server secret,TABLE_OR_VIEW,users,select,supabaseAdmin,yes
famille_shift_matching,src/lib/cm/contracts/getContractDetail.ts,224,Server Action,service_role/server secret,TABLE_OR_VIEW,form_entries,select,supabaseAdmin,yes
famille_shift_matching,src/lib/cm/contracts/getContracts.ts,53,Server Action,service_role/server secret,TABLE_OR_VIEW,cm_contract_consents,select,supabaseAdmin,yes
famille_shift_matching,src/lib/cm/contracts/getContracts.ts,78,Server Action,service_role/server secret,TABLE_OR_VIEW,cm_contracts,select,supabaseAdmin,yes
famille_shift_matching,src/lib/cm/contracts/getContracts.ts,102,Server Action,service_role/server secret,TABLE_OR_VIEW,cm_contract_documents,select,supabaseAdmin,yes
famille_shift_matching,src/lib/cm/contracts/getContracts.ts,189,Server Action,service_role/server secret,TABLE_OR_VIEW,users,select,supabaseAdmin,yes
famille_shift_matching,src/lib/cm/contracts/getContracts.ts,202,Server Action,service_role/server secret,TABLE_OR_VIEW,form_entries,select,supabaseAdmin,yes
famille_shift_matching,src/lib/cm/contracts/getDigisignerWebhookLogs.ts,59,utility / lib,service_role/server secret,TABLE_OR_VIEW,cm_contract_webhook_logs,select,supabaseAdmin,yes
famille_shift_matching,src/lib/cm/contracts/getDigisignerWebhookLogs.ts,64,utility / lib,service_role/server secret,TABLE_OR_VIEW,cm_contract_webhook_logs,select,supabaseAdmin,yes
famille_shift_matching,src/lib/cm/contracts/getDigisignerWebhookLogs.ts,70,utility / lib,service_role/server secret,TABLE_OR_VIEW,cm_contract_webhook_logs,select,supabaseAdmin,yes
famille_shift_matching,src/lib/cm/contracts/getDigisignerWebhookLogs.ts,76,utility / lib,service_role/server secret,TABLE_OR_VIEW,cm_contract_webhook_logs,select,supabaseAdmin,yes
famille_shift_matching,src/lib/cm/contracts/getDigisignerWebhookLogs.ts,82,utility / lib,service_role/server secret,TABLE_OR_VIEW,cm_contract_webhook_logs,select,supabaseAdmin,yes
famille_shift_matching,src/lib/cm/contracts/getDigisignerWebhookLogs.ts,122,utility / lib,service_role/server secret,TABLE_OR_VIEW,cm_contract_webhook_logs,select,supabaseAdmin,yes
famille_shift_matching,src/lib/cm/contracts/getPlaudRecordingsForContract.ts,51,Server Action,service_role/server secret,TABLE_OR_VIEW,cm_plaud_mgmt_transcriptions,select,supabaseAdmin,yes
famille_shift_matching,src/lib/cm/contracts/getStaffList.ts,44,Server Action,service_role/server secret,TABLE_OR_VIEW,users,select,supabaseAdmin,yes
famille_shift_matching,src/lib/cm/contracts/getStaffList.ts,71,Server Action,service_role/server secret,TABLE_OR_VIEW,form_entries,select,supabaseAdmin,yes
famille_shift_matching,src/lib/cm/contracts/googleDrive.ts,51,utility / lib,service_role/server secret,RPC,read_secret,execute,supabaseAdmin,yes
famille_shift_matching,src/lib/cm/contracts/templateActions.ts,66,Server Action,service_role/server secret,TABLE_OR_VIEW,cm_contract_templates,select,supabaseAdmin,yes
famille_shift_matching,src/lib/cm/contracts/templateActions.ts,82,Server Action,service_role/server secret,TABLE_OR_VIEW,users,select,supabaseAdmin,yes
famille_shift_matching,src/lib/cm/contracts/templateActions.ts,90,Server Action,service_role/server secret,TABLE_OR_VIEW,form_entries,select,supabaseAdmin,yes
famille_shift_matching,src/lib/cm/contracts/templateActions.ts,138,Server Action,service_role/server secret,TABLE_OR_VIEW,cm_contract_templates,select,supabaseAdmin,yes
famille_shift_matching,src/lib/cm/contracts/templateActions.ts,170,Server Action,service_role/server secret,TABLE_OR_VIEW,cm_contract_templates,update,supabaseAdmin,yes
famille_shift_matching,src/lib/cm/contracts/templateActions.ts,202,Server Action,service_role/server secret,TABLE_OR_VIEW,cm_contract_templates,select,supabaseAdmin,yes
famille_shift_matching,src/lib/cm/contracts/templateCore.ts,37,utility / lib,service_role/server secret,TABLE_OR_VIEW,cm_contract_templates,select,supabaseAdmin,yes
famille_shift_matching,src/lib/cm/contracts/uploadConsentPdf.ts,213,Server Action,service_role/server secret,TABLE_OR_VIEW,cm_contract_consents,insert,supabaseAdmin,yes
famille_shift_matching,src/lib/cm/clients/actions.ts,76,Server Action,service_role/server secret,TABLE_OR_VIEW,cm_kaipoke_info,select,supabaseAdmin,yes
famille_shift_matching,src/lib/cm/clients/getClientDetail.ts,36,utility / lib,service_role/server secret,TABLE_OR_VIEW,cm_kaipoke_info,select,supabaseAdmin,yes
famille_shift_matching,src/lib/cm/clients/getClientDetail.ts,53,utility / lib,service_role/server secret,TABLE_OR_VIEW,cm_kaipoke_insurance,select,supabaseAdmin,yes
famille_shift_matching,src/lib/cm/clients/getClientDetail.ts,74,utility / lib,service_role/server secret,TABLE_OR_VIEW,cm_kaipoke_support_office,select,supabaseAdmin,yes
famille_shift_matching,src/lib/cm/clients/getClientDetail.ts,105,utility / lib,service_role/server secret,TABLE_OR_VIEW,cm_kaipoke_benefit_limit,select,supabaseAdmin,yes
famille_shift_matching,src/lib/cm/clients/getClients.ts,44,utility / lib,service_role/server secret,TABLE_OR_VIEW,cm_kaipoke_insurance,select,supabaseAdmin,yes
famille_shift_matching,src/lib/cm/clients/getClients.ts,79,utility / lib,service_role/server secret,TABLE_OR_VIEW,cm_kaipoke_insurance,select,supabaseAdmin,yes
famille_shift_matching,src/lib/cm/clients/getClients.ts,95,utility / lib,service_role/server secret,TABLE_OR_VIEW,cm_kaipoke_info,select,supabaseAdmin,yes
famille_shift_matching,src/lib/cm/clients/getClients.ts,152,utility / lib,service_role/server secret,TABLE_OR_VIEW,cm_kaipoke_insurance,select,supabaseAdmin,yes
famille_shift_matching,src/lib/cm/clients/updateClient.ts,70,Server Action,service_role/server secret,TABLE_OR_VIEW,cm_kaipoke_info,update,supabaseAdmin,yes
famille_shift_matching,src/lib/cm/auth/cmValidateTokenAndUser.ts,104,utility / lib,service_role/server secret,TABLE_OR_VIEW,users,select,supabaseAdmin,yes
famille_shift_matching,src/lib/cm/audit/withAuditLog.ts,47,utility / lib,service_role/server secret,RPC,set_audit_context,execute,supabaseAdmin,yes
famille_shift_matching,src/lib/cm/alerts/getAlerts.ts,74,Server Action,service_role/server secret,TABLE_OR_VIEW,cm_alerts,select,supabaseAdmin,yes
famille_shift_matching,src/lib/cm/alerts/getAlerts.ts,95,Server Action,service_role/server secret,TABLE_OR_VIEW,cm_alerts,select,supabaseAdmin,yes
famille_shift_matching,src/lib/cm/alert-batch/actions.ts,54,Server Action,service_role/server secret,TABLE_OR_VIEW,users,select,supabaseAdmin,yes
famille_shift_matching,src/lib/cm/alert-batch/utils/alert-repository.ts,36,utility / lib,service_role/server secret,TABLE_OR_VIEW,cm_alert_batch_runs,select+insert+update,supabaseAdmin,yes
famille_shift_matching,src/lib/cm/alert-batch/utils/alert-repository.ts,62,utility / lib,service_role/server secret,TABLE_OR_VIEW,cm_alert_batch_runs,update,supabaseAdmin,yes
famille_shift_matching,src/lib/cm/alert-batch/utils/alert-repository.ts,83,utility / lib,service_role/server secret,TABLE_OR_VIEW,cm_alert_batch_runs,select+update,supabaseAdmin,yes
famille_shift_matching,src/lib/cm/alert-batch/utils/alert-repository.ts,109,utility / lib,service_role/server secret,TABLE_OR_VIEW,cm_alerts,select+update,supabaseAdmin,yes
famille_shift_matching,src/lib/cm/alert-batch/utils/alert-repository.ts,132,utility / lib,service_role/server secret,TABLE_OR_VIEW,cm_alerts,insert+update,supabaseAdmin,yes
famille_shift_matching,src/lib/cm/alert-batch/utils/alert-repository.ts,153,utility / lib,service_role/server secret,TABLE_OR_VIEW,cm_alerts,select+insert,supabaseAdmin,yes
famille_shift_matching,src/lib/cm/alert-batch/utils/alert-repository.ts,230,utility / lib,service_role/server secret,TABLE_OR_VIEW,cm_kaipoke_info,select,supabaseAdmin,yes
famille_shift_matching,src/lib/cm/alert-batch/utils/alert-repository.ts,246,utility / lib,service_role/server secret,TABLE_OR_VIEW,cm_kaipoke_insurance,select,supabaseAdmin,yes
famille_shift_matching,src/lib/cm/alert-batch/utils/alert-repository.ts,256,utility / lib,service_role/server secret,TABLE_OR_VIEW,cm_kaipoke_support_office,select,supabaseAdmin,yes
famille_shift_matching,src/lib/cm/alert-batch/utils/alert-repository.ts,317,utility / lib,service_role/server secret,TABLE_OR_VIEW,users,select,supabaseAdmin,yes
famille_shift_matching,src/lib/cm/alert-batch/utils/alert-repository.ts,345,utility / lib,service_role/server secret,TABLE_OR_VIEW,cm_alerts,select,supabaseAdmin,yes
famille_shift_matching,src/lib/cm/alert-batch/utils/alert-repository.ts,184,utility / lib,service_role/server secret,RPC,cm_resolve_alert_by_reference,execute,supabaseAdmin,yes
famille_shift_matching,src/lib/cm/alert-batch/utils/alert-repository.ts,204,utility / lib,service_role/server secret,RPC,cm_resolve_alerts_by_termination,execute,supabaseAdmin,yes
famille_shift_matching,src/lib/auth/isAdmin.ts,10,utility / lib,service_role/server secret,TABLE_OR_VIEW,users,select,supabaseAdmin,yes
famille_shift_matching,src/lib/alert_log/client.tsx,42,browser client,anon/publishable + user JWT (expected),TABLE_OR_VIEW,alert_log,select+update,supabase,yes
famille_shift_matching,src/lib/alert_log/client.tsx,64,browser client,anon/publishable + user JWT (expected),TABLE_OR_VIEW,alert_log,update,supabase,yes
famille_shift_matching,src/lib/alert_log/client.tsx,85,browser client,anon/publishable + user JWT (expected),TABLE_OR_VIEW,alert_log,update,supabase,yes
famille_shift_matching,src/lib/alert_add/disability_check_collected_alert.ts,91,utility / lib,service_role/server secret,TABLE_OR_VIEW,alert_log,select+update,supabaseAdmin,yes
famille_shift_matching,src/lib/alert_add/disability_check_collected_alert.ts,109,utility / lib,service_role/server secret,TABLE_OR_VIEW,org,select,supabaseAdmin,no
famille_shift_matching,src/lib/alert_add/disability_check_collected_alert.ts,124,utility / lib,service_role/server secret,TABLE_OR_VIEW,users,select,supabaseAdmin,yes
famille_shift_matching,src/lib/alert_add/disability_check_collected_alert.ts,153,utility / lib,service_role/server secret,TABLE_OR_VIEW,disability_check_view,select,supabaseAdmin,yes
famille_shift_matching,src/lib/alert_add/disability_check_unsubmitted_alert.ts,99,utility / lib,service_role/server secret,TABLE_OR_VIEW,groups_lw,select,supabaseAdmin,yes
famille_shift_matching,src/lib/alert_add/disability_check_unsubmitted_alert.ts,137,utility / lib,service_role/server secret,TABLE_OR_VIEW,group_lw_channel_view,select,supabaseAdmin,yes
famille_shift_matching,src/lib/alert_add/disability_check_unsubmitted_alert.ts,184,utility / lib,service_role/server secret,TABLE_OR_VIEW,user_entry_united_view_single,select,supabaseAdmin,yes
famille_shift_matching,src/lib/alert_add/disability_check_unsubmitted_alert.ts,213,utility / lib,service_role/server secret,TABLE_OR_VIEW,orgs,select,supabaseAdmin,yes
famille_shift_matching,src/lib/alert_add/disability_check_unsubmitted_alert.ts,253,utility / lib,service_role/server secret,TABLE_OR_VIEW,disability_check_view,select,supabaseAdmin,yes
famille_shift_matching,src/lib/alert_add/disability_check_unsubmitted_alert.ts,441,utility / lib,service_role/server secret,TABLE_OR_VIEW,disability_check_view,select,supabaseAdmin,yes
famille_shift_matching,src/lib/alert_add/event_task_check.ts,107,utility / lib,service_role/server secret,TABLE_OR_VIEW,event_tasks,select,supabaseAdmin,yes
famille_shift_matching,src/lib/alert_add/event_task_check.ts,130,utility / lib,service_role/server secret,TABLE_OR_VIEW,event_template,select,supabaseAdmin,yes
famille_shift_matching,src/lib/alert_add/event_task_check.ts,169,utility / lib,service_role/server secret,TABLE_OR_VIEW,cs_kaipoke_info,select,supabaseAdmin,yes
famille_shift_matching,src/lib/alert_add/event_task_check.ts,218,utility / lib,service_role/server secret,TABLE_OR_VIEW,alert_log,update,supabaseAdmin,yes
famille_shift_matching,src/lib/alert_add/kaipoke_cs_fax_check.ts,109,utility / lib,service_role/server secret,TABLE_OR_VIEW,shift,select,supabaseAdmin,yes
famille_shift_matching,src/lib/alert_add/kaipoke_cs_fax_check.ts,155,utility / lib,service_role/server secret,TABLE_OR_VIEW,cs_kaipoke_info,select,supabaseAdmin,yes
famille_shift_matching,src/lib/alert_add/kaipoke_cs_fax_check.ts,206,utility / lib,service_role/server secret,TABLE_OR_VIEW,fax,select,supabaseAdmin,yes
famille_shift_matching,src/lib/alert_add/kaipoke_parking_place_check.ts,62,utility / lib,service_role/server secret,TABLE_OR_VIEW,shift,select,supabaseAdmin,yes
famille_shift_matching,src/lib/alert_add/kaipoke_parking_place_check.ts,96,utility / lib,service_role/server secret,TABLE_OR_VIEW,cs_kaipoke_info,select,supabaseAdmin,yes
famille_shift_matching,src/lib/alert_add/kaipoke_parking_place_check.ts,109,utility / lib,service_role/server secret,TABLE_OR_VIEW,parking_cs_places,select,supabaseAdmin,yes
famille_shift_matching,src/lib/alert_add/kaipoke_parking_place_check.ts,175,utility / lib,service_role/server secret,TABLE_OR_VIEW,alert_log,select+update,supabaseAdmin,yes
famille_shift_matching,src/lib/alert_add/kaipoke_parking_place_check.ts,194,utility / lib,service_role/server secret,TABLE_OR_VIEW,alert_log,insert+update,supabaseAdmin,yes
famille_shift_matching,src/lib/alert_add/kaipoke_parking_place_check.ts,215,utility / lib,service_role/server secret,TABLE_OR_VIEW,alert_log,insert,supabaseAdmin,yes
famille_shift_matching,src/lib/alert_add/kodoengo_plan_link_check.ts,52,utility / lib,service_role/server secret,TABLE_OR_VIEW,shift,select,supabaseAdmin,yes
famille_shift_matching,src/lib/alert_add/kodoengo_plan_link_check.ts,79,utility / lib,service_role/server secret,TABLE_OR_VIEW,cs_kaipoke_info,select,supabaseAdmin,yes
famille_shift_matching,src/lib/alert_add/lw_aichan_bot_check.ts,119,utility / lib,service_role/server secret,TABLE_OR_VIEW,group_lw_channel_view,select,supabaseAdmin,yes
famille_shift_matching,src/lib/alert_add/lw_aichan_bot_check.ts,176,utility / lib,service_role/server secret,TABLE_OR_VIEW,shift,select,supabaseAdmin,yes
famille_shift_matching,src/lib/alert_add/lw_aichan_bot_check.ts,215,utility / lib,service_role/server secret,TABLE_OR_VIEW,cs_kaipoke_info,select,supabaseAdmin,yes
famille_shift_matching,src/lib/alert_add/lw_user_group_missing_check.ts,30,utility / lib,service_role/server secret,TABLE_OR_VIEW,shift,select,supabaseAdmin,yes
famille_shift_matching,src/lib/alert_add/lw_user_group_missing_check.ts,54,utility / lib,service_role/server secret,TABLE_OR_VIEW,group_lw_channel_view,select,supabaseAdmin,yes
famille_shift_matching,src/lib/alert_add/lw_user_group_missing_check.ts,80,utility / lib,service_role/server secret,TABLE_OR_VIEW,cs_kaipoke_info,select,supabaseAdmin,yes
famille_shift_matching,src/lib/alert_add/monthly_meeting_unchecked_alertbar.ts,73,utility / lib,service_role/server secret,TABLE_OR_VIEW,user_entry_united_view_single,select,supabaseAdmin,yes
famille_shift_matching,src/lib/alert_add/monthly_meeting_unchecked_alertbar.ts,104,utility / lib,service_role/server secret,TABLE_OR_VIEW,monthly_meeting_attendance,select,supabaseAdmin,yes
famille_shift_matching,src/lib/alert_add/monthly_meeting_unchecked_lineworks_alert.ts,97,utility / lib,service_role/server secret,TABLE_OR_VIEW,user_entry_united_view_single,select,supabaseAdmin,yes
famille_shift_matching,src/lib/alert_add/monthly_meeting_unchecked_lineworks_alert.ts,144,utility / lib,service_role/server secret,TABLE_OR_VIEW,monthly_meeting_attendance,select,supabaseAdmin,yes
famille_shift_matching,src/lib/alert_add/monthly_meeting_unchecked_lineworks_alert.ts,193,utility / lib,service_role/server secret,TABLE_OR_VIEW,shift,select,supabaseAdmin,yes
famille_shift_matching,src/lib/alert_add/postal_code_check.ts,25,utility / lib,service_role/server secret,TABLE_OR_VIEW,cs_kaipoke_info,select,supabaseAdmin,yes
famille_shift_matching,src/lib/alert_add/resigner_shift_check.ts,43,utility / lib,service_role/server secret,TABLE_OR_VIEW,user_entry_united_view_single,select,supabaseAdmin,yes
famille_shift_matching,src/lib/alert_add/resigner_shift_check.ts,64,utility / lib,service_role/server secret,TABLE_OR_VIEW,shift,select,supabaseAdmin,yes
famille_shift_matching,src/lib/alert_add/shift_cert_check.ts,244,utility / lib,service_role/server secret,TABLE_OR_VIEW,user_doc_master,select,supabaseAdmin,yes
famille_shift_matching,src/lib/alert_add/shift_cert_check.ts,285,utility / lib,service_role/server secret,TABLE_OR_VIEW,users,select,supabaseAdmin,yes
famille_shift_matching,src/lib/alert_add/shift_cert_check.ts,302,utility / lib,service_role/server secret,TABLE_OR_VIEW,form_entries,select,supabaseAdmin,yes
famille_shift_matching,src/lib/alert_add/shift_record_unfinished_check.ts,51,utility / lib,service_role/server secret,TABLE_OR_VIEW,shift_shift_record_view,select,supabaseAdmin,yes
famille_shift_matching,src/lib/alert_add/shift_trans_info_check.ts,70,utility / lib,service_role/server secret,TABLE_OR_VIEW,shift_service_code,select,supabaseAdmin,yes
famille_shift_matching,src/lib/alert_add/shift_trans_info_check.ts,96,utility / lib,service_role/server secret,TABLE_OR_VIEW,shift,select,supabaseAdmin,yes
famille_shift_matching,src/lib/alert_add/shift_trans_info_check.ts,147,utility / lib,service_role/server secret,TABLE_OR_VIEW,cs_kaipoke_info,select,supabaseAdmin,yes
famille_shift_matching,src/lib/alert/ensureSystemAlert.ts,48,utility / lib,service_role/server secret,TABLE_OR_VIEW,cs_kaipoke_info,select,supabaseAdmin,yes
famille_shift_matching,src/lib/alert/ensureSystemAlert.ts,101,utility / lib,service_role/server secret,TABLE_OR_VIEW,alert_log,select,supabaseAdmin,yes
famille_shift_matching,src/lib/alert/ensureSystemAlert.ts,131,utility / lib,service_role/server secret,TABLE_OR_VIEW,alert_log,select+update,supabaseAdmin,yes
famille_shift_matching,src/lib/alert/ensureSystemAlert.ts,148,utility / lib,service_role/server secret,TABLE_OR_VIEW,alert_log,select+insert,supabaseAdmin,yes
famille_shift_matching,src/lib/alert/ensureSystemAlert.ts,178,utility / lib,service_role/server secret,TABLE_OR_VIEW,alert_log,select+insert,supabaseAdmin,yes
famille_shift_matching,src/lib/alert/ensureSystemAlert.ts,211,utility / lib,service_role/server secret,TABLE_OR_VIEW,alert_log,select+update,supabaseAdmin,yes
famille_shift_matching,src/lib/alert/ensureSystemAlert.ts,218,utility / lib,service_role/server secret,TABLE_OR_VIEW,alert_log,select,supabaseAdmin,yes
famille_shift_matching,src/context/RoleContext.tsx,27,browser client,anon/publishable + user JWT (expected),TABLE_OR_VIEW,users,select,supabase,yes
famille_shift_matching,src/components/AlertBar.tsx,70,browser client,anon/publishable + user JWT (expected),TABLE_OR_VIEW,users,select,supabase,yes
famille_shift_matching,src/components/AlertBar.tsx,106,browser client,anon/publishable + user JWT (expected),TABLE_OR_VIEW,orgs,select,supabase,yes
famille_shift_matching,src/components/AlertBar.tsx,142,browser client,anon/publishable + user JWT (expected),TABLE_OR_VIEW,user_entry_united_view_single,select,supabase,yes
famille_shift_matching,src/components/OrgIconManager.tsx,39,browser client,anon/publishable + user JWT (expected),TABLE_OR_VIEW,org_icons,select+delete,supabase,yes
famille_shift_matching,src/components/OrgIconManager.tsx,68,browser client,anon/publishable + user JWT (expected),TABLE_OR_VIEW,org_icons_category,select,supabase,yes
famille_shift_matching,src/components/OrgIconManager.tsx,76,browser client,anon/publishable + user JWT (expected),TABLE_OR_VIEW,org_icons,select,supabase,yes
famille_shift_matching,src/components/OrgIconManager.tsx,110,browser client,anon/publishable + user JWT (expected),TABLE_OR_VIEW,org_icons,upsert,supabase,yes
famille_shift_matching,src/components/shift-reject-performance-test/ShiftRejectCardPerformanceTest.tsx,388,browser client,anon/publishable + user JWT (expected),TABLE_OR_VIEW,wf_request,select+insert,supabase,yes
famille_shift_matching,src/components/shift-reject-performance-test/ShiftRejectCardPerformanceTest.tsx,403,browser client,anon/publishable + user JWT (expected),TABLE_OR_VIEW,wf_request,insert,supabase,yes
famille_shift_matching,src/components/shift-reject-performance-test/ShiftRejectPerformanceTestClient.tsx,146,browser client,anon/publishable + user JWT (expected),TABLE_OR_VIEW,日月火水木金土,unknown,Array,no
famille_shift_matching,src/components/shift-reject-performance-test/ShiftRejectPerformanceTestClient.tsx,384,browser client,anon/publishable + user JWT (expected),TABLE_OR_VIEW,user_entry_united_view,select+insert,supabase,yes
famille_shift_matching,src/components/shift-reject-performance-test/ShiftRejectPerformanceTestClient.tsx,397,browser client,anon/publishable + user JWT (expected),TABLE_OR_VIEW,rpa_command_requests,insert,supabase,yes
famille_shift_matching,src/components/shift-reject-performance-test/ShiftRejectPerformanceTestClient.tsx,443,browser client,anon/publishable + user JWT (expected),TABLE_OR_VIEW,group_lw_channel_view,select,supabase,yes
famille_shift_matching,src/components/shift-reject-performance-test/ShiftRejectPerformanceTestClient.tsx,519,browser client,anon/publishable + user JWT (expected),TABLE_OR_VIEW,rpa_command_requests,insert,supabase,yes
famille_shift_matching,src/components/shift-reject-performance-test/ShiftRejectPerformanceTestClient.tsx,545,browser client,anon/publishable + user JWT (expected),TABLE_OR_VIEW,group_lw_channel_view,select,supabase,yes
famille_shift_matching,src/components/shift-reject-performance-test/ShiftRejectPerformanceTestClient.tsx,550,browser client,anon/publishable + user JWT (expected),TABLE_OR_VIEW,user_entry_united_view_single,select,supabase,yes
famille_shift_matching,src/components/shift-coordinate-performance-test/GroupAddButtonPerformanceTest.tsx,31,browser client,anon/publishable + user JWT (expected),TABLE_OR_VIEW,group_lw_channel_view,select,supabase,yes
famille_shift_matching,src/components/shift-coordinate-performance-test/GroupAddButtonPerformanceTest.tsx,36,browser client,anon/publishable + user JWT (expected),TABLE_OR_VIEW,user_entry_united_view,select,supabase,yes
famille_shift_matching,src/components/shift-coordinate-performance-test/ShiftCoordinatePerformanceTestClient.tsx,379,browser client,anon/publishable + user JWT (expected),TABLE_OR_VIEW,rpa_command_requests,insert,supabase,yes
famille_shift_matching,src/components/shift-coordinate-performance-test/ShiftCoordinatePerformanceTestClient.tsx,407,browser client,anon/publishable + user JWT (expected),TABLE_OR_VIEW,group_lw_channel_view,select,supabase,yes
famille_shift_matching,src/components/shift-coordinate-performance-test/ShiftCoordinatePerformanceTestClient.tsx,412,browser client,anon/publishable + user JWT (expected),TABLE_OR_VIEW,user_entry_united_view_single,select,supabase,yes
famille_shift_matching,src/components/shift-coordinate-performance-test/ShiftCoordinatePerformanceTestClient.tsx,945,browser client,anon/publishable + user JWT (expected),TABLE_OR_VIEW,shift_wishes,insert,supabase,yes
famille_shift_matching,src/components/shift/GroupAddButton.tsx,20,browser client,anon/publishable + user JWT (expected),TABLE_OR_VIEW,group_lw_channel_view,select,supabase,yes
famille_shift_matching,src/components/shift/GroupAddButton.tsx,26,browser client,anon/publishable + user JWT (expected),TABLE_OR_VIEW,user_entry_united_view,select,supabase,yes
famille_shift_matching,src/components/shift/ShiftCard.tsx,525,browser client,anon/publishable + user JWT (expected),TABLE_OR_VIEW,user_entry_united_view_single,select,supabase,yes
famille_shift_matching,src/components/shift/ShiftCard.tsx,547,browser client,anon/publishable + user JWT (expected),TABLE_OR_VIEW,users,select,supabase,yes
famille_shift_matching,src/components/shift/ShiftCard.tsx,572,browser client,anon/publishable + user JWT (expected),TABLE_OR_VIEW,users,select,supabase,yes
famille_shift_matching,src/components/shift/ShiftCard.tsx,631,browser client,anon/publishable + user JWT (expected),TABLE_OR_VIEW,wf_request,select,supabase,yes
famille_shift_matching,src/components/shift/ShiftCard.tsx,692,browser client,anon/publishable + user JWT (expected),TABLE_OR_VIEW,form_entries,select,supabase,yes
famille_shift_matching,src/components/shift/ShiftCard.tsx,710,browser client,anon/publishable + user JWT (expected),TABLE_OR_VIEW,user_doc_master,select,supabase,yes
famille_shift_matching,src/components/shift/ShiftCard.tsx,1357,browser client,anon/publishable + user JWT (expected),TABLE_OR_VIEW,wf_request,select,supabase,yes
famille_shift_matching,src/components/shift/ShiftCard.tsx,1401,browser client,anon/publishable + user JWT (expected),TABLE_OR_VIEW,users,select,supabase,yes
famille_shift_matching,src/components/shift/ShiftCard.tsx,1446,browser client,anon/publishable + user JWT (expected),TABLE_OR_VIEW,wf_request,insert,supabase,yes
famille_shift_matching,src/components/shift/ShiftRecord.tsx,630,browser client,anon/publishable + user JWT (expected),TABLE_OR_VIEW,group_lw_channel_view,select,supabase,yes
famille_shift_matching,src/components/shift/ShiftRecord.tsx,820,browser client,anon/publishable + user JWT (expected),TABLE_OR_VIEW,users,select,supabase,yes
famille_shift_matching,src/components/roster/RosterBoardDaily.tsx,232,browser client,anon/publishable + user JWT (expected),TABLE_OR_VIEW,spot_offer_request_table,select,supabase,yes
famille_shift_matching,src/components/roster/ShiftDialog.tsx,394,browser client,anon/publishable + user JWT (expected),TABLE_OR_VIEW,spot_offer_request_table,select,supabase,yes
famille_shift_matching,src/components/roster/ShiftDialog.tsx,614,browser client,anon/publishable + user JWT (expected),TABLE_OR_VIEW,spot_offer_request_table,select,supabase,yes
famille_shift_matching,src/components/roster/ShiftDialog.tsx,628,browser client,anon/publishable + user JWT (expected),TABLE_OR_VIEW,user_entry_united_view,select+insert,supabase,yes
famille_shift_matching,src/components/roster/ShiftDialog.tsx,652,browser client,anon/publishable + user JWT (expected),TABLE_OR_VIEW,rpa_command_requests,insert+upsert,supabase,yes
famille_shift_matching,src/components/roster/ShiftDialog.tsx,668,browser client,anon/publishable + user JWT (expected),TABLE_OR_VIEW,spot_offer_request_table,upsert,supabase,yes
famille_shift_matching,src/components/roster/ShiftDialog.tsx,769,browser client,anon/publishable + user JWT (expected),TABLE_OR_VIEW,cs_kaipoke_info,update,supabase,yes
famille_shift_matching,src/components/cm-components/admin/CmAlertBatchPanel.tsx,65,browser client,anon/publishable + user JWT (expected),TABLE_OR_VIEW,cm_alert_batch_runs,select,supabase,yes
famille_shift_matching,src/components/cm-components/admin/CmAlertBatchPanel.tsx,92,browser client,anon/publishable + user JWT (expected),TABLE_OR_VIEW,cm_alerts,select,supabase,yes
famille_shift_matching,src/components/cm-components/admin/CmAlertBatchPanel.tsx,84,browser client,anon/publishable + user JWT (expected),RPC,cm_get_alert_stats,execute,supabase,yes
famille_shift_matching,src/components/biz-stats/DefectSum.tsx,111,browser client,anon/publishable + user JWT (expected),TABLE_OR_VIEW,biz_stats_defect_rate_view,select,supabase,yes
famille_shift_matching,src/components/biz-stats/EntrySum.tsx,44,browser client,anon/publishable + user JWT (expected),TABLE_OR_VIEW,staff_monthly_stats,select,supabase,yes
famille_shift_matching,src/components/biz-stats/ShiftSum.tsx,97,browser client,anon/publishable + user JWT (expected),TABLE_OR_VIEW,biz_stats_shift_sum_display_view,select,supabase,yes
famille_shift_matching,src/app/signup/complete/page.tsx,92,browser client,anon/publishable + user JWT (expected),TABLE_OR_VIEW,form_entries,select+update,supabase,yes
famille_shift_matching,src/app/signup/complete/page.tsx,115,browser client,anon/publishable + user JWT (expected),TABLE_OR_VIEW,form_entries,update,supabase,yes
famille_shift_matching,src/app/portal/layout.tsx,501,browser client,anon/publishable + user JWT (expected),TABLE_OR_VIEW,form_entries,update,supabase,yes
famille_shift_matching,src/app/portal/layout.tsx,518,browser client,anon/publishable + user JWT (expected),TABLE_OR_VIEW,form_entries,select+update,supabase,yes
famille_shift_matching,src/app/portal/layout.tsx,529,browser client,anon/publishable + user JWT (expected),TABLE_OR_VIEW,form_entries,select,supabase,yes
famille_shift_matching,src/app/portal/page.tsx,110,browser client,anon/publishable + user JWT (expected),TABLE_OR_VIEW,form_entries,select,supabase,yes
famille_shift_matching,src/app/portal/page.tsx,124,browser client,anon/publishable + user JWT (expected),TABLE_OR_VIEW,users,select+update,supabase,yes
famille_shift_matching,src/app/portal/page.tsx,145,browser client,anon/publishable + user JWT (expected),TABLE_OR_VIEW,form_entries,update,supabase,yes
famille_shift_matching,src/app/portal/page.tsx,241,browser client,anon/publishable + user JWT (expected),TABLE_OR_VIEW,user_doc_master,select,supabase,yes
famille_shift_matching,src/app/portal/page.tsx,297,browser client,anon/publishable + user JWT (expected),TABLE_OR_VIEW,form_entries,update,supabase,yes
famille_shift_matching,src/app/portal/wf-seisan-shinsei/page.tsx,342,browser client,anon/publishable + user JWT (expected),TABLE_OR_VIEW,wf_request_type,select,supabase,yes
famille_shift_matching,src/app/portal/wf-seisan-shinsei/page.tsx,350,browser client,anon/publishable + user JWT (expected),TABLE_OR_VIEW,cs_kaipoke_info,select,supabase,yes
famille_shift_matching,src/app/portal/wf-seisan-shinsei/page.tsx,464,browser client,anon/publishable + user JWT (expected),TABLE_OR_VIEW,user_entry_united_view_single,select,supabase,yes
famille_shift_matching,src/app/portal/wf-seisan-shinsei/page.tsx,670,browser client,anon/publishable + user JWT (expected),TABLE_OR_VIEW,users,select+insert,supabase,yes
famille_shift_matching,src/app/portal/wf-seisan-shinsei/page.tsx,684,browser client,anon/publishable + user JWT (expected),TABLE_OR_VIEW,wf_request_attachment,insert,supabase,yes
famille_shift_matching,src/app/portal/wf-seisan-shinsei/page.tsx,726,browser client,anon/publishable + user JWT (expected),TABLE_OR_VIEW,wf_request_attachment,delete,supabase,yes
famille_shift_matching,src/app/portal/user_advance_payment_history/page.tsx,179,browser client,anon/publishable + user JWT (expected),TABLE_OR_VIEW,user_advance_payment_applications,update,supabase,yes
famille_shift_matching,src/app/portal/user_advance_payment_history/page.tsx,229,browser client,anon/publishable + user JWT (expected),TABLE_OR_VIEW,user_advance_payment_applications,update,supabase,yes
famille_shift_matching,src/app/portal/user_advance_payment_applications/page.tsx,270,browser client,anon/publishable + user JWT (expected),TABLE_OR_VIEW,users,select,supabase,yes
famille_shift_matching,src/app/portal/user_advance_payment_applications/page.tsx,285,browser client,anon/publishable + user JWT (expected),TABLE_OR_VIEW,user_advance_payment_applications,select,supabase,yes
famille_shift_matching,src/app/portal/user_advance_payment_applications/page.tsx,299,browser client,anon/publishable + user JWT (expected),TABLE_OR_VIEW,staff_monthly_score_summaries,select,supabase,yes
famille_shift_matching,src/app/portal/user_advance_payment_applications/page.tsx,339,browser client,anon/publishable + user JWT (expected),TABLE_OR_VIEW,shift_self_coordinate_card_view,select,supabase,yes
famille_shift_matching,src/app/portal/user_advance_payment_applications/page.tsx,369,browser client,anon/publishable + user JWT (expected),TABLE_OR_VIEW,shift_shift_record_view,select,supabase,yes
famille_shift_matching,src/app/portal/user_advance_payment_applications/page.tsx,556,browser client,anon/publishable + user JWT (expected),TABLE_OR_VIEW,user_advance_payment_applications,select+insert,supabase,yes
famille_shift_matching,src/app/portal/user_advance_payment_applications/page.tsx,575,browser client,anon/publishable + user JWT (expected),TABLE_OR_VIEW,user_advance_payment_applications,insert,supabase,yes
famille_shift_matching,src/app/portal/training-goals/page.tsx,142,browser client,anon/publishable + user JWT (expected),TABLE_OR_VIEW,user_entry_united_view_single,select,supabase,yes
famille_shift_matching,src/app/portal/training-goals/page.tsx,256,browser client,anon/publishable + user JWT (expected),TABLE_OR_VIEW,training_goal_catalog,select,supabase,yes
famille_shift_matching,src/app/portal/training-goals/page.tsx,285,browser client,anon/publishable + user JWT (expected),TABLE_OR_VIEW,employee_training_goals,select,supabase,yes
famille_shift_matching,src/app/portal/training-goals/page.tsx,378,browser client,anon/publishable + user JWT (expected),TABLE_OR_VIEW,employee_training_goals,select,supabase,yes
famille_shift_matching,src/app/portal/training-goals/page.tsx,643,browser client,anon/publishable + user JWT (expected),TABLE_OR_VIEW,employee_training_goals,select+upsert,supabase,yes
famille_shift_matching,src/app/portal/spot-offer-template/page.tsx,295,browser client,anon/publishable + user JWT (expected),TABLE_OR_VIEW,cs_kaipoke_info,select,supabase,yes
famille_shift_matching,src/app/portal/spot-offer-template/page.tsx,306,browser client,anon/publishable + user JWT (expected),TABLE_OR_VIEW,rpa_command_requests,select,supabase,yes
famille_shift_matching,src/app/portal/spot-offer-template/page.tsx,376,browser client,anon/publishable + user JWT (expected),TABLE_OR_VIEW,cs_kaipoke_info,select,supabase,yes
famille_shift_matching,src/app/portal/spot-offer-template/page.tsx,382,browser client,anon/publishable + user JWT (expected),TABLE_OR_VIEW,parking_cs_places_admin_view,select,supabase,yes
famille_shift_matching,src/app/portal/spot-offer-template/page.tsx,426,browser client,anon/publishable + user JWT (expected),TABLE_OR_VIEW,cs_kaipoke_info,select,supabase,yes
famille_shift_matching,src/app/portal/spot-offer-template/page.tsx,886,browser client,anon/publishable + user JWT (expected),TABLE_OR_VIEW,user_entry_united_view,select,supabase,yes
famille_shift_matching,src/app/portal/spot-offer-template/page.tsx,905,browser client,anon/publishable + user JWT (expected),TABLE_OR_VIEW,shift_shift_record_view,select,supabase,yes
famille_shift_matching,src/app/portal/spot-offer-template/page.tsx,1018,browser client,anon/publishable + user JWT (expected),TABLE_OR_VIEW,spot_offer_request_table,select,supabase,yes
famille_shift_matching,src/app/portal/spot-offer-template/page.tsx,1063,browser client,anon/publishable + user JWT (expected),TABLE_OR_VIEW,spot_offer_request_table,insert+upsert,supabase,yes
famille_shift_matching,src/app/portal/spot-offer-template/page.tsx,1075,browser client,anon/publishable + user JWT (expected),TABLE_OR_VIEW,rpa_command_requests,insert,supabase,yes
famille_shift_matching,src/app/portal/shift-view/page.tsx,125,browser client,anon/publishable + user JWT (expected),TABLE_OR_VIEW,users,select,supabase,yes
famille_shift_matching,src/app/portal/shift-view/page.tsx,278,browser client,anon/publishable + user JWT (expected),TABLE_OR_VIEW,shift_csinfo_postalname_view,select,supabase,yes
famille_shift_matching,src/app/portal/shift-coordinate/page.tsx,60,browser client,anon/publishable + user JWT (expected),TABLE_OR_VIEW,users,select,supabase,yes
famille_shift_matching,src/app/portal/shift-coordinate/page.tsx,70,browser client,anon/publishable + user JWT (expected),TABLE_OR_VIEW,shift_self_coordinate_card_view,select,supabase,yes
famille_shift_matching,src/app/portal/shift-coordinate/page.tsx,82,browser client,anon/publishable + user JWT (expected),TABLE_OR_VIEW,postal_district,select,supabase,yes
famille_shift_matching,src/app/portal/shift-coordinate/page.tsx,87,browser client,anon/publishable + user JWT (expected),TABLE_OR_VIEW,shift_shift_record_view2,select,supabase,yes
famille_shift_matching,src/app/portal/shift-coordinate/page.tsx,157,browser client,anon/publishable + user JWT (expected),TABLE_OR_VIEW,cs_kaipoke_info,select,supabase,yes
famille_shift_matching,src/app/portal/shift-coordinate/page.tsx,162,browser client,anon/publishable + user JWT (expected),TABLE_OR_VIEW,cs_kaipoke_info_shift_detail_view,select,supabase,yes
famille_shift_matching,src/app/portal/shift-coordinate/page.tsx,184,browser client,anon/publishable + user JWT (expected),TABLE_OR_VIEW,cs_docs,select,supabase,yes
famille_shift_matching,src/app/portal/shift-coordinate/page.tsx,340,browser client,anon/publishable + user JWT (expected),TABLE_OR_VIEW,rpa_command_requests,insert,supabase,yes
famille_shift_matching,src/app/portal/shift-coordinate/page.tsx,367,browser client,anon/publishable + user JWT (expected),TABLE_OR_VIEW,group_lw_channel_view,select,supabase,yes
famille_shift_matching,src/app/portal/shift-coordinate/page.tsx,373,browser client,anon/publishable + user JWT (expected),TABLE_OR_VIEW,user_entry_united_view_single,select,supabase,yes
famille_shift_matching,src/app/portal/shift-coordinate/page.tsx,749,browser client,anon/publishable + user JWT (expected),TABLE_OR_VIEW,shift_wishes,insert,supabase,yes
famille_shift_matching,src/app/portal/shift/page.tsx,161,browser client,anon/publishable + user JWT (expected),TABLE_OR_VIEW,shift_self_coordinate_card_view2,select,supabase,yes
famille_shift_matching,src/app/portal/shift/page.tsx,177,browser client,anon/publishable + user JWT (expected),TABLE_OR_VIEW,postal_district,select,supabase,yes
famille_shift_matching,src/app/portal/shift/page.tsx,234,browser client,anon/publishable + user JWT (expected),TABLE_OR_VIEW,cs_kaipoke_info,select,supabase,yes
famille_shift_matching,src/app/portal/shift/page.tsx,258,browser client,anon/publishable + user JWT (expected),TABLE_OR_VIEW,cs_kaipoke_time_adjustability,select,supabase,yes
famille_shift_matching,src/app/portal/shift/page.tsx,630,browser client,anon/publishable + user JWT (expected),TABLE_OR_VIEW,rpa_command_requests,insert,supabase,yes
famille_shift_matching,src/app/portal/shift/page.tsx,691,browser client,anon/publishable + user JWT (expected),TABLE_OR_VIEW,group_lw_channel_view,select,supabase,yes
famille_shift_matching,src/app/portal/shift/page.tsx,696,browser client,anon/publishable + user JWT (expected),TABLE_OR_VIEW,user_entry_united_view,select,supabase,yes
famille_shift_matching,src/app/portal/shift/page.tsx,783,browser client,anon/publishable + user JWT (expected),TABLE_OR_VIEW,users,select,supabase,yes
famille_shift_matching,src/app/portal/shift/page.tsx,803,browser client,anon/publishable + user JWT (expected),TABLE_OR_VIEW,shift_self_coordinate_card_view2,select,supabase,yes
famille_shift_matching,src/app/portal/shift/page.tsx,843,browser client,anon/publishable + user JWT (expected),TABLE_OR_VIEW,users,select,supabase,yes
famille_shift_matching,src/app/portal/shift/page.tsx,870,browser client,anon/publishable + user JWT (expected),TABLE_OR_VIEW,shift_self_coordinate_card_view2,select,supabase,yes
famille_shift_matching,src/app/portal/shift/page.tsx,1022,browser client,anon/publishable + user JWT (expected),TABLE_OR_VIEW,user_entry_united_view,select+insert,supabase,yes
famille_shift_matching,src/app/portal/shift/page.tsx,1043,browser client,anon/publishable + user JWT (expected),TABLE_OR_VIEW,rpa_command_requests,insert,supabase,yes
famille_shift_matching,src/app/portal/shift/page.tsx,1117,browser client,anon/publishable + user JWT (expected),TABLE_OR_VIEW,group_lw_channel_view,select,supabase,yes
famille_shift_matching,src/app/portal/rpa_temp/list/page.tsx,72,browser client,anon/publishable + user JWT (expected),TABLE_OR_VIEW,rpa_command_kind,select,supabase,yes
famille_shift_matching,src/app/portal/rpa_temp/list/page.tsx,77,browser client,anon/publishable + user JWT (expected),TABLE_OR_VIEW,rpa_command_templates,select,supabase,yes
famille_shift_matching,src/app/portal/rpa_temp/list/page.tsx,98,browser client,anon/publishable + user JWT (expected),TABLE_OR_VIEW,rpa_command_args,select,supabase,yes
famille_shift_matching,src/app/portal/rpa_temp/list/page.tsx,110,browser client,anon/publishable + user JWT (expected),TABLE_OR_VIEW,rpa_command_type,select+update,supabase,yes
famille_shift_matching,src/app/portal/rpa_temp/list/page.tsx,129,browser client,anon/publishable + user JWT (expected),TABLE_OR_VIEW,rpa_command_args,update+delete,supabase,yes
famille_shift_matching,src/app/portal/rpa_temp/list/page.tsx,152,browser client,anon/publishable + user JWT (expected),TABLE_OR_VIEW,rpa_command_args,insert+delete,supabase,yes
famille_shift_matching,src/app/portal/rpa_temp/list/page.tsx,159,browser client,anon/publishable + user JWT (expected),TABLE_OR_VIEW,rpa_command_templates,select+insert+delete,supabase,yes
famille_shift_matching,src/app/portal/rpa_temp/list/page.tsx,170,browser client,anon/publishable + user JWT (expected),TABLE_OR_VIEW,rpa_command_args,select+insert,supabase,yes
famille_shift_matching,src/app/portal/rpa_temp/list/page.tsx,193,browser client,anon/publishable + user JWT (expected),TABLE_OR_VIEW,rpa_command_templates,insert+update,supabase,yes
famille_shift_matching,src/app/portal/rpa_temp/list/page.tsx,222,browser client,anon/publishable + user JWT (expected),TABLE_OR_VIEW,rpa_command_templates,update,supabase,yes
famille_shift_matching,src/app/portal/rpa_requests/page.tsx,64,browser client,anon/publishable + user JWT (expected),TABLE_OR_VIEW,rpa_command_requests_view,select,supabase,yes
famille_shift_matching,src/app/portal/rpa_requests/page.tsx,72,browser client,anon/publishable + user JWT (expected),TABLE_OR_VIEW,rpa_command_templates,select,supabase,yes
famille_shift_matching,src/app/portal/rpa_requests/page.tsx,77,browser client,anon/publishable + user JWT (expected),TABLE_OR_VIEW,form_entries,select,supabase,yes
famille_shift_matching,src/app/portal/rpa_requests/page.tsx,84,browser client,anon/publishable + user JWT (expected),TABLE_OR_VIEW,rpa_command_request_status,select+insert,supabase,yes
famille_shift_matching,src/app/portal/rpa_requests/page.tsx,100,browser client,anon/publishable + user JWT (expected),TABLE_OR_VIEW,rpa_command_requests,insert+update,supabase,yes
famille_shift_matching,src/app/portal/rpa_requests/page.tsx,121,browser client,anon/publishable + user JWT (expected),TABLE_OR_VIEW,rpa_command_requests,update+delete,supabase,yes
famille_shift_matching,src/app/portal/rpa_requests/page.tsx,136,browser client,anon/publishable + user JWT (expected),TABLE_OR_VIEW,rpa_command_requests,delete,supabase,yes
famille_shift_matching,src/app/portal/rpa/diagnostics/page.tsx,14,Server Component,service_role/server secret,TABLE_OR_VIEW,users,select,supabaseAdmin,yes
famille_shift_matching,src/app/portal/rpa/diagnostics/page.tsx,23,Server Component,service_role/server secret,TABLE_OR_VIEW,rpa_page_snapshots,select,supabaseAdmin,yes
famille_shift_matching,src/app/portal/roster/monthly/page.tsx,443,browser client,anon/publishable + user JWT (expected),TABLE_OR_VIEW,spot_offer_request_table,select,supabase,yes
famille_shift_matching,src/app/portal/roster/monthly/shift-record-view/page.tsx,358,browser client,anon/publishable + user JWT (expected),TABLE_OR_VIEW,shift_record_item_defs,select,supabase,yes
famille_shift_matching,src/app/portal/roster/monthly/shift-record-view/page.tsx,368,browser client,anon/publishable + user JWT (expected),TABLE_OR_VIEW,shift_record_category_l,select,supabase,yes
famille_shift_matching,src/app/portal/roster/monthly/shift-record-view/page.tsx,378,browser client,anon/publishable + user JWT (expected),TABLE_OR_VIEW,shift_record_category_s,select,supabase,yes
famille_shift_matching,src/app/portal/roster/daily/page.tsx,79,Server Component,service_role/server secret,TABLE_OR_VIEW,google_calendar_events,select,supabase,yes
famille_shift_matching,src/app/portal/my-shift-calendar/page.tsx,100,browser client,anon/publishable + user JWT (expected),TABLE_OR_VIEW,user_entry_united_view_single,select,supabase,yes
famille_shift_matching,src/app/portal/my-shift-calendar/page.tsx,113,browser client,anon/publishable + user JWT (expected),TABLE_OR_VIEW,user_entry_united_view_single,select,supabase,yes
famille_shift_matching,src/app/portal/my-shift-calendar/page.tsx,150,browser client,anon/publishable + user JWT (expected),TABLE_OR_VIEW,shift_csinfo_postalname_view,select,supabase,yes
famille_shift_matching,src/app/portal/kaipoke-info-detail/[id]/page.tsx,286,browser client,anon/publishable + user JWT (expected),TABLE_OR_VIEW,cs_kaipoke_info,select,supabase,yes
famille_shift_matching,src/app/portal/kaipoke-info-detail/[id]/page.tsx,384,browser client,anon/publishable + user JWT (expected),TABLE_OR_VIEW,parking_cs_places,select+insert+update,supabase,yes
famille_shift_matching,src/app/portal/kaipoke-info-detail/[id]/page.tsx,390,browser client,anon/publishable + user JWT (expected),TABLE_OR_VIEW,parking_cs_places,select+insert,supabase,yes
famille_shift_matching,src/app/portal/kaipoke-info-detail/[id]/page.tsx,407,browser client,anon/publishable + user JWT (expected),TABLE_OR_VIEW,parking_cs_places,select,supabase,yes
famille_shift_matching,src/app/portal/kaipoke-info-detail/[id]/page.tsx,438,browser client,anon/publishable + user JWT (expected),TABLE_OR_VIEW,parking_cs_places,delete,supabase,yes
famille_shift_matching,src/app/portal/kaipoke-info-detail/[id]/page.tsx,478,browser client,anon/publishable + user JWT (expected),TABLE_OR_VIEW,fax,select,supabase,yes
famille_shift_matching,src/app/portal/kaipoke-info-detail/[id]/page.tsx,521,browser client,anon/publishable + user JWT (expected),TABLE_OR_VIEW,parking_cs_places,select,supabase,yes
famille_shift_matching,src/app/portal/kaipoke-info-detail/[id]/page.tsx,544,browser client,anon/publishable + user JWT (expected),TABLE_OR_VIEW,cs_kaipoke_info,select,supabase,yes
famille_shift_matching,src/app/portal/kaipoke-info-detail/[id]/page.tsx,553,browser client,anon/publishable + user JWT (expected),TABLE_OR_VIEW,user_doc_master,select,supabase,yes
famille_shift_matching,src/app/portal/kaipoke-info-detail/[id]/page.tsx,566,browser client,anon/publishable + user JWT (expected),TABLE_OR_VIEW,cs_kaipoke_time_adjustability,select,supabase,yes
famille_shift_matching,src/app/portal/kaipoke-info-detail/[id]/page.tsx,590,browser client,anon/publishable + user JWT (expected),TABLE_OR_VIEW,user_entry_united_view_single,select,supabase,yes
famille_shift_matching,src/app/portal/kaipoke-info-detail/[id]/page.tsx,604,browser client,anon/publishable + user JWT (expected),TABLE_OR_VIEW,user_org_exception,select,supabase,yes
famille_shift_matching,src/app/portal/kaipoke-info-detail/[id]/page.tsx,630,browser client,anon/publishable + user JWT (expected),TABLE_OR_VIEW,orgs,select,supabase,yes
famille_shift_matching,src/app/portal/kaipoke-info-detail/[id]/page.tsx,662,browser client,anon/publishable + user JWT (expected),TABLE_OR_VIEW,cs_docs,select,supabase,yes
famille_shift_matching,src/app/portal/kaipoke-info-detail/[id]/page.tsx,670,browser client,anon/publishable + user JWT (expected),TABLE_OR_VIEW,cs_docs,select,supabase,yes
famille_shift_matching,src/app/portal/kaipoke-info-detail/[id]/page.tsx,792,browser client,anon/publishable + user JWT (expected),TABLE_OR_VIEW,cs_kaipoke_info,update,supabase,yes
famille_shift_matching,src/app/portal/kaipoke-info-detail/[id]/page.tsx,863,browser client,anon/publishable + user JWT (expected),TABLE_OR_VIEW,cs_kaipoke_info,update,supabase,yes
famille_shift_matching,src/app/portal/kaipoke-info/page.tsx,129,browser client,anon/publishable + user JWT (expected),TABLE_OR_VIEW,cs_kaipoke_info,select,supabase,yes
famille_shift_matching,src/app/portal/kaipoke-info/page.tsx,141,browser client,anon/publishable + user JWT (expected),TABLE_OR_VIEW,cs_kaipoke_time_adjustability,select,supabase,yes
famille_shift_matching,src/app/portal/kaipoke-info/page.tsx,150,browser client,anon/publishable + user JWT (expected),TABLE_OR_VIEW,fax,select,supabase,yes
famille_shift_matching,src/app/portal/kaipoke-info/page.tsx,186,browser client,anon/publishable + user JWT (expected),TABLE_OR_VIEW,orgs,select,supabase,yes
famille_shift_matching,src/app/portal/kaipoke-info/page.tsx,201,browser client,anon/publishable + user JWT (expected),TABLE_OR_VIEW,user_entry_united_view_single,select,supabase,yes
famille_shift_matching,src/app/portal/kaipoke-info/page.tsx,215,browser client,anon/publishable + user JWT (expected),TABLE_OR_VIEW,user_org_exception,select,supabase,yes
famille_shift_matching,src/app/portal/kaipoke-info/page.tsx,266,browser client,anon/publishable + user JWT (expected),TABLE_OR_VIEW,cs_kaipoke_info,update,supabase,yes
famille_shift_matching,src/app/portal/kaipoke-info/page.tsx,282,browser client,anon/publishable + user JWT (expected),TABLE_OR_VIEW,cs_kaipoke_info,update,supabase,yes
famille_shift_matching,src/app/portal/health-check-results/page.tsx,82,browser client,anon/publishable + user JWT (expected),TABLE_OR_VIEW,user_entry_united_view_single,select,supabase,yes
famille_shift_matching,src/app/portal/health-check-results/page.tsx,97,browser client,anon/publishable + user JWT (expected),TABLE_OR_VIEW,wf_request_attachment,select,supabase,yes
famille_shift_matching,src/app/portal/entry-list/page.tsx,262,browser client,anon/publishable + user JWT (expected),TABLE_OR_VIEW,users,select,supabase,yes
famille_shift_matching,src/app/portal/entry-list/page.tsx,270,browser client,anon/publishable + user JWT (expected),TABLE_OR_VIEW,levels,select,supabase,yes
famille_shift_matching,src/app/portal/entry-list/page.tsx,291,browser client,anon/publishable + user JWT (expected),TABLE_OR_VIEW,form_entries_with_status,select,supabase,yes
famille_shift_matching,src/app/portal/entry-list/page.tsx,313,browser client,anon/publishable + user JWT (expected),TABLE_OR_VIEW,users,select,supabase,yes
famille_shift_matching,src/app/portal/entry-list/page.tsx,379,browser client,anon/publishable + user JWT (expected),TABLE_OR_VIEW,user_status_master,select,supabase,yes
famille_shift_matching,src/app/portal/entry-list/page.tsx,723,browser client,anon/publishable + user JWT (expected),TABLE_OR_VIEW,users,select+delete,supabase,yes
famille_shift_matching,src/app/portal/entry-list/page.tsx,752,browser client,anon/publishable + user JWT (expected),TABLE_OR_VIEW,form_entries,select+delete,supabase,yes
famille_shift_matching,src/app/portal/entry-list/page.tsx,1038,browser client,anon/publishable + user JWT (expected),TABLE_OR_VIEW,users,update,supabase,yes
famille_shift_matching,src/app/portal/entry-detail/[id]/page.tsx,289,browser client,anon/publishable + user JWT (expected),TABLE_OR_VIEW,rpa_command_requests,insert,supabase,yes
famille_shift_matching,src/app/portal/entry-detail/[id]/page.tsx,395,browser client,anon/publishable + user JWT (expected),TABLE_OR_VIEW,form_entries,update,supabase,yes
famille_shift_matching,src/app/portal/entry-detail/[id]/page.tsx,472,browser client,anon/publishable + user JWT (expected),TABLE_OR_VIEW,form_entries,update,supabase,yes
famille_shift_matching,src/app/portal/entry-detail/[id]/page.tsx,543,browser client,anon/publishable + user JWT (expected),TABLE_OR_VIEW,users,select,supabase,yes
famille_shift_matching,src/app/portal/entry-detail/[id]/page.tsx,551,browser client,anon/publishable + user JWT (expected),TABLE_OR_VIEW,levels,select,supabase,yes
famille_shift_matching,src/app/portal/entry-detail/[id]/page.tsx,568,browser client,anon/publishable + user JWT (expected),TABLE_OR_VIEW,form_entries_with_status,select,supabase,yes
famille_shift_matching,src/app/portal/entry-detail/[id]/page.tsx,579,browser client,anon/publishable + user JWT (expected),TABLE_OR_VIEW,users,select,supabase,yes
famille_shift_matching,src/app/portal/entry-detail/[id]/page.tsx,607,browser client,anon/publishable + user JWT (expected),TABLE_OR_VIEW,users,select,supabase,yes
famille_shift_matching,src/app/portal/entry-detail/[id]/page.tsx,630,browser client,anon/publishable + user JWT (expected),TABLE_OR_VIEW,users,select,supabase,yes
famille_shift_matching,src/app/portal/entry-detail/[id]/page.tsx,670,browser client,anon/publishable + user JWT (expected),TABLE_OR_VIEW,users,select+insert,supabase,yes
famille_shift_matching,src/app/portal/entry-detail/[id]/page.tsx,691,browser client,anon/publishable + user JWT (expected),TABLE_OR_VIEW,user_doc_master,select,supabase,yes
famille_shift_matching,src/app/portal/entry-detail/[id]/page.tsx,816,browser client,anon/publishable + user JWT (expected),TABLE_OR_VIEW,form_entries,update,supabase,yes
famille_shift_matching,src/app/portal/entry-detail/[id]/page.tsx,853,browser client,anon/publishable + user JWT (expected),TABLE_OR_VIEW,users,update,supabase,yes
famille_shift_matching,src/app/portal/entry-detail/[id]/page.tsx,872,browser client,anon/publishable + user JWT (expected),TABLE_OR_VIEW,form_entries,update,supabase,yes
famille_shift_matching,src/app/portal/entry-detail/[id]/page.tsx,977,browser client,anon/publishable + user JWT (expected),TABLE_OR_VIEW,users,update,supabase,yes
famille_shift_matching,src/app/portal/entry-detail/[id]/page.tsx,996,browser client,anon/publishable + user JWT (expected),TABLE_OR_VIEW,users,update,supabase,yes
famille_shift_matching,src/app/portal/entry-detail/[id]/page.tsx,1089,browser client,anon/publishable + user JWT (expected),TABLE_OR_VIEW,orgs,select,supabase,yes
famille_shift_matching,src/app/portal/entry-detail/[id]/page.tsx,1097,browser client,anon/publishable + user JWT (expected),TABLE_OR_VIEW,user_entry_united_view,select,supabase,yes
famille_shift_matching,src/app/portal/entry-detail/[id]/page.tsx,1145,browser client,anon/publishable + user JWT (expected),TABLE_OR_VIEW,staff_log,select,supabase,yes
famille_shift_matching,src/app/portal/entry-detail/[id]/page.tsx,1170,browser client,anon/publishable + user JWT (expected),TABLE_OR_VIEW,org_icons,select,supabase,yes
famille_shift_matching,src/app/portal/entry-detail/[id]/page.tsx,1250,browser client,anon/publishable + user JWT (expected),TABLE_OR_VIEW,form_entries,select+update,supabase,yes
famille_shift_matching,src/app/portal/entry-detail/[id]/page.tsx,1261,browser client,anon/publishable + user JWT (expected),TABLE_OR_VIEW,form_entries,update,supabase,yes
famille_shift_matching,src/app/portal/entry-detail/[id]/page.tsx,1294,browser client,anon/publishable + user JWT (expected),TABLE_OR_VIEW,form_entries,update,supabase,yes
famille_shift_matching,src/app/portal/entry-detail/[id]/page.tsx,1396,browser client,anon/publishable + user JWT (expected),TABLE_OR_VIEW,form_entries,update,supabase,yes
famille_shift_matching,src/app/portal/entry-detail/[id]/page.tsx,1413,browser client,anon/publishable + user JWT (expected),TABLE_OR_VIEW,form_entries,update,supabase,yes
famille_shift_matching,src/app/portal/entry-detail/[id]/page.tsx,1839,browser client,anon/publishable + user JWT (expected),TABLE_OR_VIEW,users,update,supabase,yes
famille_shift_matching,src/app/portal/entry-detail/[id]/page.tsx,1857,browser client,anon/publishable + user JWT (expected),TABLE_OR_VIEW,users,update,supabase,yes
famille_shift_matching,src/app/portal/entry-detail/[id]/page.tsx,1875,browser client,anon/publishable + user JWT (expected),TABLE_OR_VIEW,users,update,supabase,yes
famille_shift_matching,src/app/portal/entry-detail/[id]/page.tsx,1938,browser client,anon/publishable + user JWT (expected),TABLE_OR_VIEW,users,update,supabase,yes
famille_shift_matching,src/app/portal/entry-detail/[id]/page.tsx,2274,browser client,anon/publishable + user JWT (expected),TABLE_OR_VIEW,staff_log,select,supabase,yes
famille_shift_matching,src/app/portal/entry-detail/[id]/page.tsx,2516,browser client,anon/publishable + user JWT (expected),TABLE_OR_VIEW,user_entry_united_view_single,select,supabase,yes
famille_shift_matching,src/app/portal/entry-detail/[id]/page.tsx,2533,browser client,anon/publishable + user JWT (expected),TABLE_OR_VIEW,cs_kaipoke_info,select,supabase,yes
famille_shift_matching,src/app/portal/entry-detail/[id]/page.tsx,2600,browser client,anon/publishable + user JWT (expected),TABLE_OR_VIEW,user_ojt_record,select+insert,supabase,yes
famille_shift_matching,src/app/portal/entry-detail/[id]/page.tsx,2631,browser client,anon/publishable + user JWT (expected),TABLE_OR_VIEW,user_ojt_record,insert,supabase,yes
famille_shift_matching,src/app/portal/driving_record/page.tsx,99,browser client,anon/publishable + user JWT (expected),TABLE_OR_VIEW,manager_monthly_google_maps_distance_view,select,supabase,yes
famille_shift_matching,src/app/portal/driving_record/page.tsx,139,browser client,anon/publishable + user JWT (expected),TABLE_OR_VIEW,google_maps_distance_cron_runs,select,supabase,yes
famille_shift_matching,src/app/portal/disability-check-beta/page.tsx,884,browser client,anon/publishable + user JWT (expected),TABLE_OR_VIEW,user_entry_united_view_single,select,supabase,yes
famille_shift_matching,src/app/portal/disability-check-beta/page.tsx,895,browser client,anon/publishable + user JWT (expected),TABLE_OR_VIEW,user_entry_united_view,select,supabase,yes
famille_shift_matching,src/app/portal/disability-check/page.tsx,885,browser client,anon/publishable + user JWT (expected),TABLE_OR_VIEW,user_entry_united_view_single,select,supabase,yes
famille_shift_matching,src/app/portal/disability-check/page.tsx,896,browser client,anon/publishable + user JWT (expected),TABLE_OR_VIEW,user_entry_united_view,select,supabase,yes
famille_shift_matching,src/app/portal/cs_docs/page.tsx,54,Server Component,service_role/server secret,TABLE_OR_VIEW,user_doc_master,select,supabaseAdmin,yes
famille_shift_matching,src/app/portal/bento/admin/page.tsx,328,browser client,anon/publishable + user JWT (expected),TABLE_OR_VIEW,bento_surveys,select,supabase,yes
famille_shift_matching,src/app/portal/bento/admin/page.tsx,332,browser client,anon/publishable + user JWT (expected),TABLE_OR_VIEW,bento_survey_menus,select,supabase,yes
famille_shift_matching,src/app/portal/bento/admin/page.tsx,336,browser client,anon/publishable + user JWT (expected),TABLE_OR_VIEW,bento_pickup_locations,select,supabase,yes
famille_shift_matching,src/app/portal/bento/admin/page.tsx,340,browser client,anon/publishable + user JWT (expected),TABLE_OR_VIEW,bento_survey_responses,select,supabase,yes
famille_shift_matching,src/app/portal/bento/admin/page.tsx,373,browser client,anon/publishable + user JWT (expected),TABLE_OR_VIEW,user_entry_united_view_single,select,supabase,yes
famille_shift_matching,src/app/portal/bento/admin/page.tsx,485,browser client,anon/publishable + user JWT (expected),TABLE_OR_VIEW,bento_surveys,select+insert+update,supabase,yes
famille_shift_matching,src/app/portal/bento/admin/page.tsx,497,browser client,anon/publishable + user JWT (expected),TABLE_OR_VIEW,bento_surveys,select+insert,supabase,yes
famille_shift_matching,src/app/portal/bento/admin/page.tsx,580,browser client,anon/publishable + user JWT (expected),TABLE_OR_VIEW,bento_surveys,update+delete,supabase,yes
famille_shift_matching,src/app/portal/bento/admin/page.tsx,611,browser client,anon/publishable + user JWT (expected),TABLE_OR_VIEW,bento_surveys,insert+delete,supabase,yes
famille_shift_matching,src/app/portal/bento/admin/page.tsx,640,browser client,anon/publishable + user JWT (expected),TABLE_OR_VIEW,bento_surveys,select+insert,supabase,yes
famille_shift_matching,src/app/portal/bento/admin/page.tsx,678,browser client,anon/publishable + user JWT (expected),TABLE_OR_VIEW,bento_survey_menus,insert,supabase,yes
famille_shift_matching,src/app/portal/bento/admin/page.tsx,767,browser client,anon/publishable + user JWT (expected),TABLE_OR_VIEW,bento_survey_menus,update,supabase,yes
famille_shift_matching,src/app/portal/bento/admin/page.tsx,814,browser client,anon/publishable + user JWT (expected),TABLE_OR_VIEW,bento_survey_menus,insert+update,supabase,yes
famille_shift_matching,src/app/portal/bento/admin/page.tsx,825,browser client,anon/publishable + user JWT (expected),TABLE_OR_VIEW,bento_survey_menus,insert,supabase,yes
famille_shift_matching,src/app/portal/bento/admin/page.tsx,854,browser client,anon/publishable + user JWT (expected),TABLE_OR_VIEW,bento_survey_menus,update+delete,supabase,yes
famille_shift_matching,src/app/portal/bento/admin/page.tsx,872,browser client,anon/publishable + user JWT (expected),TABLE_OR_VIEW,bento_pickup_locations,update,supabase,yes
famille_shift_matching,src/app/portal/bento/admin/page.tsx,892,browser client,anon/publishable + user JWT (expected),TABLE_OR_VIEW,bento_survey_responses,update,supabase,yes
famille_shift_matching,src/app/portal/badge/page.tsx,34,browser client,anon/publishable + user JWT (expected),TABLE_OR_VIEW,form_entries,select,supabase,yes
famille_shift_matching,src/app/portal/audit_log/page.tsx,60,browser client,anon/publishable + user JWT (expected),TABLE_OR_VIEW,user_entry_united_view_single,select,supabase,yes
famille_shift_matching,src/app/portal/audit_log/page.tsx,81,browser client,anon/publishable + user JWT (expected),TABLE_OR_VIEW,audit_log_display_view,select,supabase,yes
famille_shift_matching,src/app/portal/assign_matome/page.tsx,121,browser client,anon/publishable + user JWT (expected),TABLE_OR_VIEW,cs_kaipoke_info,select,supabase,yes
famille_shift_matching,src/app/portal/assign_matome/page.tsx,148,browser client,anon/publishable + user JWT (expected),TABLE_OR_VIEW,orgs,select,supabase,yes
famille_shift_matching,src/app/portal/assign_matome/page.tsx,171,browser client,anon/publishable + user JWT (expected),TABLE_OR_VIEW,user_entry_united_view_single,select,supabase,yes
famille_shift_matching,src/app/portal/assign_matome/page.tsx,191,browser client,anon/publishable + user JWT (expected),TABLE_OR_VIEW,user_org_exception,select,supabase,yes
famille_shift_matching,src/app/portal/assign_matome/page.tsx,358,browser client,anon/publishable + user JWT (expected),TABLE_OR_VIEW,cs_kaipoke_info,update,supabase,yes
famille_shift_matching,src/app/portal/assign_matome/page.tsx,432,browser client,anon/publishable + user JWT (expected),TABLE_OR_VIEW,cs_kaipoke_info,update,supabase,yes
famille_shift_matching,src/app/expense-reimbursement/page.tsx,75,browser client,anon/publishable + user JWT (expected),TABLE_OR_VIEW,expense_reimbursements,insert,supabase,yes
famille_shift_matching,src/app/entry/page.tsx,57,browser client,anon/publishable + user JWT (expected),TABLE_OR_VIEW,user_doc_master,select,supabase,yes
famille_shift_matching,src/app/api/wf-requests/route.ts,22,Route Handler / internal API,service_role/server secret,TABLE_OR_VIEW,users,select,supabaseAdmin,yes
famille_shift_matching,src/app/api/wf-requests/route.ts,31,Route Handler / internal API,service_role/server secret,TABLE_OR_VIEW,user_entry_united_view_single,select,supabaseAdmin,yes
famille_shift_matching,src/app/api/wf-requests/route.ts,70,Route Handler / internal API,service_role/server secret,TABLE_OR_VIEW,wf_request,select,supabaseAdmin,yes
famille_shift_matching,src/app/api/wf-requests/route.ts,77,Route Handler / internal API,service_role/server secret,TABLE_OR_VIEW,wf_approval_step,select,supabaseAdmin,yes
famille_shift_matching,src/app/api/wf-requests/route.ts,93,Route Handler / internal API,service_role/server secret,TABLE_OR_VIEW,wf_request,select,supabaseAdmin,yes
famille_shift_matching,src/app/api/wf-requests/route.ts,147,Route Handler / internal API,service_role/server secret,TABLE_OR_VIEW,wf_request_type,select+insert,supabaseAdmin,yes
famille_shift_matching,src/app/api/wf-requests/route.ts,158,Route Handler / internal API,service_role/server secret,TABLE_OR_VIEW,wf_request,select+insert,supabaseAdmin,yes
famille_shift_matching,src/app/api/wf-requests/[id]/route.ts,13,Route Handler / internal API,service_role/server secret,TABLE_OR_VIEW,users,select,supabaseAdmin,yes
famille_shift_matching,src/app/api/wf-requests/[id]/route.ts,22,Route Handler / internal API,service_role/server secret,TABLE_OR_VIEW,user_entry_united_view_single,select,supabaseAdmin,yes
famille_shift_matching,src/app/api/wf-requests/[id]/route.ts,48,Route Handler / internal API,service_role/server secret,TABLE_OR_VIEW,wf_request,select,supabaseAdmin,yes
famille_shift_matching,src/app/api/wf-requests/[id]/route.ts,58,Route Handler / internal API,service_role/server secret,TABLE_OR_VIEW,wf_approval_step,select,supabaseAdmin,yes
famille_shift_matching,src/app/api/wf-requests/[id]/route.ts,77,Route Handler / internal API,service_role/server secret,TABLE_OR_VIEW,wf_request,select,supabaseAdmin,yes
famille_shift_matching,src/app/api/wf-requests/[id]/route.ts,115,Route Handler / internal API,service_role/server secret,TABLE_OR_VIEW,wf_request,select,supabaseAdmin,yes
famille_shift_matching,src/app/api/wf-requests/[id]/route.ts,128,Route Handler / internal API,service_role/server secret,TABLE_OR_VIEW,wf_approval_step,select,supabaseAdmin,yes
famille_shift_matching,src/app/api/wf-requests/[id]/route.ts,136,Route Handler / internal API,service_role/server secret,TABLE_OR_VIEW,wf_request_attachment,select,supabaseAdmin,yes
famille_shift_matching,src/app/api/wf-requests/[id]/route.ts,186,Route Handler / internal API,service_role/server secret,TABLE_OR_VIEW,wf_request,select+update,supabaseAdmin,yes
famille_shift_matching,src/app/api/wf-requests/[id]/route.ts,208,Route Handler / internal API,service_role/server secret,TABLE_OR_VIEW,wf_request,select+delete,supabaseAdmin,yes
famille_shift_matching,src/app/api/wf-requests/[id]/route.ts,227,Route Handler / internal API,service_role/server secret,TABLE_OR_VIEW,wf_request_attachment,delete,supabaseAdmin,yes
famille_shift_matching,src/app/api/wf-requests/[id]/route.ts,233,Route Handler / internal API,service_role/server secret,TABLE_OR_VIEW,wf_approval_step,delete,supabaseAdmin,yes
famille_shift_matching,src/app/api/wf-requests/[id]/route.ts,239,Route Handler / internal API,service_role/server secret,TABLE_OR_VIEW,wf_request,delete,supabaseAdmin,yes
famille_shift_matching,src/app/api/wf-requests/[id]/submit/route.ts,24,Route Handler / internal API,service_role/server secret,TABLE_OR_VIEW,users,select,supabaseAdmin,yes
famille_shift_matching,src/app/api/wf-requests/[id]/submit/route.ts,33,Route Handler / internal API,service_role/server secret,TABLE_OR_VIEW,user_entry_united_view_single,select,supabaseAdmin,yes
famille_shift_matching,src/app/api/wf-requests/[id]/submit/route.ts,84,Route Handler / internal API,service_role/server secret,TABLE_OR_VIEW,user_entry_united_view_single,select,supabaseAdmin,yes
famille_shift_matching,src/app/api/wf-requests/[id]/submit/route.ts,97,Route Handler / internal API,service_role/server secret,TABLE_OR_VIEW,wf_request,select,supabaseAdmin,yes
famille_shift_matching,src/app/api/wf-requests/[id]/submit/route.ts,117,Route Handler / internal API,service_role/server secret,TABLE_OR_VIEW,wf_request_type,select+insert+delete,supabaseAdmin,yes
famille_shift_matching,src/app/api/wf-requests/[id]/submit/route.ts,126,Route Handler / internal API,service_role/server secret,TABLE_OR_VIEW,wf_approval_step,select+insert+update+delete,supabaseAdmin,yes
famille_shift_matching,src/app/api/wf-requests/[id]/submit/route.ts,141,Route Handler / internal API,service_role/server secret,TABLE_OR_VIEW,wf_approval_step,select+insert+update,supabaseAdmin,yes
famille_shift_matching,src/app/api/wf-requests/[id]/submit/route.ts,148,Route Handler / internal API,service_role/server secret,TABLE_OR_VIEW,wf_request,select+update,supabaseAdmin,yes
famille_shift_matching,src/app/api/wf-requests/[id]/submit/route.ts,158,Route Handler / internal API,service_role/server secret,TABLE_OR_VIEW,user_entry_united_view_single,select,supabaseAdmin,yes
famille_shift_matching,src/app/api/wf-requests/[id]/submit/route.ts,190,Route Handler / internal API,service_role/server secret,TABLE_OR_VIEW,wf_request,update,supabaseAdmin,yes
famille_shift_matching,src/app/api/wf-requests/[id]/approve/route.ts,24,Route Handler / internal API,service_role/server secret,TABLE_OR_VIEW,users,select,supabaseAdmin,yes
famille_shift_matching,src/app/api/wf-requests/[id]/approve/route.ts,33,Route Handler / internal API,service_role/server secret,TABLE_OR_VIEW,user_entry_united_view_single,select,supabaseAdmin,yes
famille_shift_matching,src/app/api/wf-requests/[id]/approve/route.ts,57,Route Handler / internal API,service_role/server secret,TABLE_OR_VIEW,user_entry_united_view_single,select,supabaseAdmin,yes
famille_shift_matching,src/app/api/wf-requests/[id]/approve/route.ts,101,Route Handler / internal API,service_role/server secret,TABLE_OR_VIEW,wf_request,select,supabaseAdmin,yes
famille_shift_matching,src/app/api/wf-requests/[id]/approve/route.ts,119,Route Handler / internal API,service_role/server secret,TABLE_OR_VIEW,wf_approval_step,select,supabaseAdmin,yes
famille_shift_matching,src/app/api/wf-requests/[id]/approve/route.ts,130,Route Handler / internal API,service_role/server secret,TABLE_OR_VIEW,wf_approval_step,select+update,supabaseAdmin,yes
famille_shift_matching,src/app/api/wf-requests/[id]/approve/route.ts,149,Route Handler / internal API,service_role/server secret,TABLE_OR_VIEW,wf_approval_step,select+update,supabaseAdmin,yes
famille_shift_matching,src/app/api/wf-requests/[id]/approve/route.ts,162,Route Handler / internal API,service_role/server secret,TABLE_OR_VIEW,wf_request,select+update,supabaseAdmin,yes
famille_shift_matching,src/app/api/wf-requests/[id]/approve/route.ts,171,Route Handler / internal API,service_role/server secret,TABLE_OR_VIEW,wf_request_type,select,supabaseAdmin,yes
famille_shift_matching,src/app/api/wf-requests/[id]/approve/route.ts,194,Route Handler / internal API,service_role/server secret,TABLE_OR_VIEW,wf_approval_step,select,supabaseAdmin,yes
famille_shift_matching,src/app/api/wf-requests/[id]/approve/route.ts,208,Route Handler / internal API,service_role/server secret,TABLE_OR_VIEW,wf_request_type,select+update,supabaseAdmin,yes
famille_shift_matching,src/app/api/wf-requests/[id]/approve/route.ts,232,Route Handler / internal API,service_role/server secret,TABLE_OR_VIEW,wf_request,select+update,supabaseAdmin,yes
famille_shift_matching,src/app/api/wf-requests/[id]/approve/route.ts,241,Route Handler / internal API,service_role/server secret,TABLE_OR_VIEW,wf_request_type,select,supabaseAdmin,yes
famille_shift_matching,src/app/api/webhooks/twilio/reentry-status/route.ts,18,Webhook,service_role/server secret,TABLE_OR_VIEW,reentry_campaign_recipients,select+insert+update,supabaseAdmin,yes
famille_shift_matching,src/app/api/webhooks/twilio/reentry-status/route.ts,20,Webhook,service_role/server secret,TABLE_OR_VIEW,staff_log,insert,supabaseAdmin,yes
famille_shift_matching,src/app/api/webhook/route.ts,241,Webhook,service_role/server secret,TABLE_OR_VIEW,group_lw_channel_view,select,supabaseAdmin,yes
famille_shift_matching,src/app/api/webhook/route.ts,309,Webhook,service_role/server secret,TABLE_OR_VIEW,groups_lw,select+update+upsert,supabaseAdmin,yes
famille_shift_matching,src/app/api/webhook/route.ts,318,Webhook,service_role/server secret,TABLE_OR_VIEW,groups_lw,select+upsert,supabaseAdmin,yes
famille_shift_matching,src/app/api/webhook/route.ts,329,Webhook,service_role/server secret,TABLE_OR_VIEW,group_lw_channel_info,select+upsert,supabaseAdmin,yes
famille_shift_matching,src/app/api/webhook/route.ts,344,Webhook,service_role/server secret,TABLE_OR_VIEW,groups_lw,select+upsert,supabaseAdmin,yes
famille_shift_matching,src/app/api/webhook/route.ts,357,Webhook,service_role/server secret,TABLE_OR_VIEW,group_lw_channel_info,upsert,supabaseAdmin,yes
famille_shift_matching,src/app/api/webhook/route.ts,377,Webhook,service_role/server secret,TABLE_OR_VIEW,group_lw_channel_info,upsert,supabaseAdmin,yes
famille_shift_matching,src/app/api/webhook/route.ts,398,Webhook,service_role/server secret,TABLE_OR_VIEW,group_lw_channel_info,upsert,supabaseAdmin,yes
famille_shift_matching,src/app/api/webhook/route.ts,450,Webhook,service_role/server secret,TABLE_OR_VIEW,group_lw_channel_info,select,supabaseAdmin,yes
famille_shift_matching,src/app/api/webhook/route.ts,473,Webhook,service_role/server secret,TABLE_OR_VIEW,group_lw_channel_info,select+upsert,supabaseAdmin,yes
famille_shift_matching,src/app/api/webhook/route.ts,486,Webhook,service_role/server secret,TABLE_OR_VIEW,group_lw_channel_info,upsert,supabaseAdmin,yes
famille_shift_matching,src/app/api/webhook/route.ts,542,Webhook,indirect/unknown,TABLE_OR_VIEW,msg_lw_log,insert+upsert,supabase,yes
famille_shift_matching,src/app/api/webhook/route.ts,565,Webhook,indirect/unknown,TABLE_OR_VIEW,group_lw_temp,upsert,supabase,no
famille_shift_matching,src/app/api/webhook/route.ts,635,Webhook,indirect/unknown,TABLE_OR_VIEW,msg_lw_log,insert,supabase,yes
famille_shift_matching,src/app/api/users/route.ts,7,Route Handler / internal API,service_role/server secret,TABLE_OR_VIEW,user_entry_united_view_single,select,supabaseAdmin,yes
famille_shift_matching,src/app/api/user-doc-master/route.ts,14,Route Handler / internal API,service_role/server secret,TABLE_OR_VIEW,user_doc_master,select,supabaseAdmin,yes
famille_shift_matching,src/app/api/user-doc-master/route.ts,30,Route Handler / internal API,service_role/server secret,TABLE_OR_VIEW,user_doc_master,select,supabaseAdmin,yes
famille_shift_matching,src/app/api/user-doc-master/route.ts,49,Route Handler / internal API,service_role/server secret,TABLE_OR_VIEW,user_doc_master,select,supabaseAdmin,yes
famille_shift_matching,src/app/api/upload/route.ts,166,Route Handler / internal API,service_role/server secret,TABLE_OR_VIEW,parking_cs_places,select+update,supabase,yes
famille_shift_matching,src/app/api/training-goals/notify/route.ts,35,Route Handler / internal API,service_role/server secret,TABLE_OR_VIEW,employee_training_goals,upsert,supabaseAdmin,yes
famille_shift_matching,src/app/api/training-goals/catalog/route.ts,21,Route Handler / internal API,service_role/server secret,TABLE_OR_VIEW,users,select,supabaseAdmin,yes
famille_shift_matching,src/app/api/training-goals/catalog/route.ts,49,Route Handler / internal API,service_role/server secret,TABLE_OR_VIEW,training_goal_catalog,select,supabaseAdmin,yes
famille_shift_matching,src/app/api/training-goals/catalog/route.ts,117,Route Handler / internal API,service_role/server secret,TABLE_OR_VIEW,training_goal_catalog,select+insert,supabaseAdmin,yes
famille_shift_matching,src/app/api/training-goals/catalog/route.ts,207,Route Handler / internal API,service_role/server secret,TABLE_OR_VIEW,training_goal_catalog,select+update,supabaseAdmin,yes
famille_shift_matching,src/app/api/tokutei/sum-order/route.ts,64,Route Handler / internal API,indirect/unknown,TABLE_OR_VIEW,shift,select,supabase,yes
famille_shift_matching,src/app/api/tokutei/sum-order/route.ts,93,Route Handler / internal API,indirect/unknown,TABLE_OR_VIEW,shift,select,supabase,yes
famille_shift_matching,src/app/api/tokutei/sum-order/route.ts,112,Route Handler / internal API,indirect/unknown,TABLE_OR_VIEW,shift,select,supabase,yes
famille_shift_matching,src/app/api/tokutei/sum-order/route.ts,121,Route Handler / internal API,indirect/unknown,TABLE_OR_VIEW,shift,select,supabase,yes
famille_shift_matching,src/app/api/tokutei/sum-order/route.ts,144,Route Handler / internal API,indirect/unknown,TABLE_OR_VIEW,shift,select,supabase,yes
famille_shift_matching,src/app/api/tokutei/sum-order/route.ts,164,Route Handler / internal API,indirect/unknown,TABLE_OR_VIEW,shift_record_item_defs,select,supabase,yes
famille_shift_matching,src/app/api/tokutei/sum-order/route.ts,168,Route Handler / internal API,indirect/unknown,TABLE_OR_VIEW,shift_record_item_defs,select,supabase,yes
famille_shift_matching,src/app/api/tokutei/sum-order/route.ts,194,Route Handler / internal API,indirect/unknown,TABLE_OR_VIEW,shift_records,select,supabase,yes
famille_shift_matching,src/app/api/tokutei/sum-order/route.ts,212,Route Handler / internal API,indirect/unknown,TABLE_OR_VIEW,shift_record_items,select,supabase,yes
famille_shift_matching,src/app/api/tokutei/sum-order/route.ts,271,Route Handler / internal API,indirect/unknown,TABLE_OR_VIEW,shift,update,supabase,yes
famille_shift_matching,src/app/api/taimee-emp/upload/route.ts,29,Route Handler / internal API,service_role/server secret,TABLE_OR_VIEW,users,select,supabaseAdmin,yes
famille_shift_matching,src/app/api/taimee-emp/upload/route.ts,210,Route Handler / internal API,indirect/unknown,TABLE_OR_VIEW,taimee_employees_monthly,select,supabase,yes
famille_shift_matching,src/app/api/taimee-emp/upload/route.ts,239,Route Handler / internal API,indirect/unknown,TABLE_OR_VIEW,taimee_applicants,select,supabase,yes
famille_shift_matching,src/app/api/taimee-emp/upload/route.ts,261,Route Handler / internal API,indirect/unknown,TABLE_OR_VIEW,taimee_applicants,select+upsert,supabase,yes
famille_shift_matching,src/app/api/taimee-emp/upload/route.ts,278,Route Handler / internal API,indirect/unknown,TABLE_OR_VIEW,taimee_employees_monthly,select+insert+update,supabase,yes
famille_shift_matching,src/app/api/taimee-emp/upload/route.ts,295,Route Handler / internal API,indirect/unknown,TABLE_OR_VIEW,taimee_employees_monthly,select+insert,supabase,yes
famille_shift_matching,src/app/api/taimee-emp/settings/route.ts,24,Route Handler / internal API,service_role/server secret,TABLE_OR_VIEW,users,select,supabaseAdmin,yes
famille_shift_matching,src/app/api/taimee-emp/settings/route.ts,52,Route Handler / internal API,service_role/server secret,TABLE_OR_VIEW,env_variables,select,supabaseAdmin,yes
famille_shift_matching,src/app/api/taimee-emp/settings/route.ts,91,Route Handler / internal API,service_role/server secret,TABLE_OR_VIEW,env_variables,upsert,supabaseAdmin,yes
famille_shift_matching,src/app/api/taimee-emp/send/route.ts,59,Route Handler / internal API,indirect/unknown,TABLE_OR_VIEW,taimee_applicants,select+update,supabase,yes
famille_shift_matching,src/app/api/taimee-emp/send/route.ts,76,Route Handler / internal API,service_role/server secret,TABLE_OR_VIEW,taimee_applicants,select+update,supabase,yes
famille_shift_matching,src/app/api/taimee-emp/send/route.ts,99,Route Handler / internal API,service_role/server secret,TABLE_OR_VIEW,users,select,supabase,yes
famille_shift_matching,src/app/api/taimee-emp/send/route.ts,145,Route Handler / internal API,indirect/unknown,TABLE_OR_VIEW,taimee_sms_send_logs,insert+update,supabase,yes
famille_shift_matching,src/app/api/taimee-emp/send/route.ts,161,Route Handler / internal API,indirect/unknown,TABLE_OR_VIEW,taimee_employees_monthly,insert+update,supabase,yes
famille_shift_matching,src/app/api/taimee-emp/send/route.ts,169,Route Handler / internal API,indirect/unknown,TABLE_OR_VIEW,taimee_sms_send_logs,insert,supabase,yes
famille_shift_matching,src/app/api/taimee-emp/save/route.ts,28,Route Handler / internal API,service_role/server secret,TABLE_OR_VIEW,taimee_applicants,update,supabase,yes
famille_shift_matching,src/app/api/taimee-emp/list/route.ts,114,Route Handler / internal API,service_role/server secret,TABLE_OR_VIEW,taimee_applicants_with_entry,select,supabaseAdmin,yes
famille_shift_matching,src/app/api/taimee-emp/list/route.ts,187,Route Handler / internal API,service_role/server secret,TABLE_OR_VIEW,taimee_employees_monthly,select,supabaseAdmin,yes
famille_shift_matching,src/app/api/taimee-emp/list/route.ts,216,Route Handler / internal API,service_role/server secret,TABLE_OR_VIEW,taimee_applicants,select,supabaseAdmin,yes
famille_shift_matching,src/app/api/taimee-emp/list/route.ts,217,Route Handler / internal API,service_role/server secret,TABLE_OR_VIEW,taimee_sms_send_logs,select,supabaseAdmin,yes
famille_shift_matching,src/app/api/taimee-emp/list/route.ts,239,Route Handler / internal API,service_role/server secret,TABLE_OR_VIEW,form_entries,select,supabaseAdmin,yes
famille_shift_matching,src/app/api/taimee-emp/delivery-status/route.ts,23,Route Handler / internal API,service_role/server secret,TABLE_OR_VIEW,users,select+update,supabaseAdmin,yes
famille_shift_matching,src/app/api/taimee-emp/delivery-status/route.ts,35,Route Handler / internal API,service_role/server secret,TABLE_OR_VIEW,taimee_applicants,select+update,supabaseAdmin,yes
famille_shift_matching,src/app/api/taimee-emp/delivery-status/route.ts,46,Route Handler / internal API,service_role/server secret,TABLE_OR_VIEW,taimee_applicants,select+update,supabaseAdmin,yes
famille_shift_matching,src/app/api/taimee-emp/delivery-status/route.ts,65,Route Handler / internal API,service_role/server secret,TABLE_OR_VIEW,taimee_sms_send_logs,select,supabaseAdmin,yes
famille_shift_matching,src/app/api/taimee-emp/delivery-status/route.ts,89,Route Handler / internal API,service_role/server secret,TABLE_OR_VIEW,taimee_sms_send_logs,update,supabaseAdmin,yes
famille_shift_matching,src/app/api/taimee-applicants/[id]/route.ts,10,Route Handler / internal API,service_role/server secret,TABLE_OR_VIEW,users,select,supabaseAdmin,yes
famille_shift_matching,src/app/api/taimee-applicants/[id]/route.ts,19,Route Handler / internal API,service_role/server secret,TABLE_OR_VIEW,taimee_applicants,select,supabaseAdmin,yes
famille_shift_matching,src/app/api/taimee-applicants/[id]/route.ts,20,Route Handler / internal API,service_role/server secret,TABLE_OR_VIEW,taimee_applicant_jobs,select,supabaseAdmin,yes
famille_shift_matching,src/app/api/taimee-applicants/[id]/route.ts,21,Route Handler / internal API,service_role/server secret,TABLE_OR_VIEW,taimee_applicant_documents,select,supabaseAdmin,yes
famille_shift_matching,src/app/api/taimee-applicants/[id]/route.ts,44,Route Handler / internal API,service_role/server secret,TABLE_OR_VIEW,taimee_applicants,select,supabaseAdmin,yes
famille_shift_matching,src/app/api/taimee-applicants/[id]/route.ts,46,Route Handler / internal API,service_role/server secret,TABLE_OR_VIEW,form_entries,select+update,supabaseAdmin,yes
famille_shift_matching,src/app/api/taimee-applicants/[id]/route.ts,54,Route Handler / internal API,service_role/server secret,TABLE_OR_VIEW,taimee_applicants,update,supabaseAdmin,yes
famille_shift_matching,src/app/api/spot-offer/withdraw/route.ts,33,Route Handler / internal API,service_role/server secret,TABLE_OR_VIEW,spot_offer_request_table,select,supabaseAdmin,yes
famille_shift_matching,src/app/api/spot-offer/withdraw/route.ts,107,Route Handler / internal API,service_role/server secret,TABLE_OR_VIEW,rpa_command_requests,insert,supabaseAdmin,yes
famille_shift_matching,src/app/api/spot/templates/route.ts,17,Route Handler / internal API,service_role/server secret,TABLE_OR_VIEW,spot_offer_template_unified,select+insert,supabaseAdmin,yes
famille_shift_matching,src/app/api/spot/templates/route.ts,43,Route Handler / internal API,service_role/server secret,TABLE_OR_VIEW,spot_offer_template_unified,select+insert,supabaseAdmin,yes
famille_shift_matching,src/app/api/spot/templates/[core_id]/route.ts,18,Route Handler / internal API,service_role/server secret,TABLE_OR_VIEW,spot_offer_template_unified,select+update+delete,supabaseAdmin,yes
famille_shift_matching,src/app/api/spot/templates/[core_id]/route.ts,35,Route Handler / internal API,service_role/server secret,TABLE_OR_VIEW,spot_offer_template_unified,delete,supabaseAdmin,yes
famille_shift_matching,src/app/api/sms/send/route.ts,196,Route Handler / internal API,service_role/server secret,TABLE_OR_VIEW,audit_log,insert,supabaseAdmin,yes
famille_shift_matching,src/app/api/sms/send/route.ts,329,Route Handler / internal API,service_role/server secret,TABLE_OR_VIEW,sms_send_logs,insert,supabaseAdmin,yes
famille_shift_matching,src/app/api/sms/send/route.ts,377,Route Handler / internal API,service_role/server secret,TABLE_OR_VIEW,sms_send_logs,insert,supabaseAdmin,yes
famille_shift_matching,src/app/api/sms/preview/route.ts,22,Route Handler / internal API,service_role/server secret,TABLE_OR_VIEW,taimee_employees_monthly,update,supabase,yes
famille_shift_matching,src/app/api/shifts/route.ts,99,Route Handler / internal API,service_role/server secret,TABLE_OR_VIEW,shift_csinfo_postalname_view,select,supabaseAdmin,yes
famille_shift_matching,src/app/api/shifts/route.ts,218,Route Handler / internal API,service_role/server secret,TABLE_OR_VIEW,shift,select,supabaseAdmin,yes
famille_shift_matching,src/app/api/shifts/route.ts,322,Route Handler / internal API,service_role/server secret,TABLE_OR_VIEW,shift,select,supabaseAdmin,yes
famille_shift_matching,src/app/api/shifts/route.ts,349,Route Handler / internal API,service_role/server secret,TABLE_OR_VIEW,shift,select,supabaseAdmin,yes
famille_shift_matching,src/app/api/shifts/route.ts,377,Route Handler / internal API,service_role/server secret,TABLE_OR_VIEW,shift,select,supabaseAdmin,yes
famille_shift_matching,src/app/api/shifts/route.ts,428,Route Handler / internal API,service_role/server secret,TABLE_OR_VIEW,shift,select,supabaseAdmin,yes
famille_shift_matching,src/app/api/shifts/route.ts,487,Route Handler / internal API,service_role/server secret,TABLE_OR_VIEW,shift,select,supabaseAdmin,yes
famille_shift_matching,src/app/api/shifts/route.ts,546,Route Handler / internal API,service_role/server secret,TABLE_OR_VIEW,shift,select,supabaseAdmin,yes
famille_shift_matching,src/app/api/shifts/route.ts,561,Route Handler / internal API,service_role/server secret,TABLE_OR_VIEW,shift,select,supabaseAdmin,yes
famille_shift_matching,src/app/api/shifts/route.ts,197,Route Handler / internal API,service_role/server secret,RPC,shift_insert_with_context,execute,supabaseAdmin,yes
famille_shift_matching,src/app/api/shifts/route.ts,309,Route Handler / internal API,service_role/server secret,RPC,shifts_update_with_context,execute,supabaseAdmin,yes
famille_shift_matching,src/app/api/shifts/route.ts,363,Route Handler / internal API,service_role/server secret,RPC,shifts_update_with_context,execute,supabaseAdmin,yes
famille_shift_matching,src/app/api/shifts/route.ts,436,Route Handler / internal API,service_role/server secret,RPC,shifts_delete_with_context,execute,supabaseAdmin,yes
famille_shift_matching,src/app/api/shifts/route.ts,496,Route Handler / internal API,service_role/server secret,RPC,shifts_delete_with_context,execute,supabaseAdmin,yes
famille_shift_matching,src/app/api/shifts/route.ts,570,Route Handler / internal API,service_role/server secret,RPC,shifts_delete_with_context,execute,supabaseAdmin,yes
famille_shift_matching,src/app/api/shift-wish/route.ts,41,Route Handler / internal API,service_role/server secret,TABLE_OR_VIEW,shift_wish_portal_view,select,supabase,yes
famille_shift_matching,src/app/api/shift-wish/route.ts,66,Route Handler / internal API,service_role/server secret,TABLE_OR_VIEW,shift_wishes,delete,supabase,yes
famille_shift_matching,src/app/api/shift-wish/[id]/route.ts,25,Route Handler / internal API,service_role/server secret,TABLE_OR_VIEW,shift_wishes,delete,supabase,yes
famille_shift_matching,src/app/api/shift-sum/route.ts,52,Route Handler / internal API,service_role/server secret,TABLE_OR_VIEW,users,select,supabaseAdmin,yes
famille_shift_matching,src/app/api/shift-sum/route.ts,64,Route Handler / internal API,service_role/server secret,TABLE_OR_VIEW,users,select,supabaseAdmin,yes
famille_shift_matching,src/app/api/shift-sum/route.ts,87,Route Handler / internal API,service_role/server secret,RPC,snapshot_biz_stats_shift_sum,execute,supabaseAdmin,yes
famille_shift_matching,src/app/api/shift-service-code/route.ts,29,Route Handler / internal API,service_role/server secret,TABLE_OR_VIEW,shift_service_code,select,supabaseAdmin,yes
famille_shift_matching,src/app/api/shift-service-code/route.ts,69,Route Handler / internal API,service_role/server secret,TABLE_OR_VIEW,shift_service_code,select+insert,supabaseAdmin,yes
famille_shift_matching,src/app/api/shift-service-code/[id]/route.ts,85,Route Handler / internal API,service_role/server secret,TABLE_OR_VIEW,shift_service_code,select+update+delete,supabaseAdmin,yes
famille_shift_matching,src/app/api/shift-service-code/[id]/route.ts,107,Route Handler / internal API,service_role/server secret,TABLE_OR_VIEW,shift_service_code,delete,supabaseAdmin,yes
famille_shift_matching,src/app/api/shift-service-code/sync-from-shift/route.ts,7,Route Handler / internal API,service_role/server secret,TABLE_OR_VIEW,shift,select,supabaseAdmin,yes
famille_shift_matching,src/app/api/shift-service-code/sync-from-shift/route.ts,18,Route Handler / internal API,service_role/server secret,TABLE_OR_VIEW,shift_service_code,select+insert,supabaseAdmin,yes
famille_shift_matching,src/app/api/shift-service-code/sync-from-shift/route.ts,34,Route Handler / internal API,service_role/server secret,TABLE_OR_VIEW,shift_service_code,insert,supabaseAdmin,yes
famille_shift_matching,src/app/api/shift-reject-performance-test/initial-data/route.ts,370,Route Handler / internal API,indirect/unknown,TABLE_OR_VIEW,shift_self_coordinate_card_view2,select,sb,yes
famille_shift_matching,src/app/api/shift-reject-performance-test/initial-data/route.ts,429,Route Handler / internal API,indirect/unknown,TABLE_OR_VIEW,form_entries,select,sb,yes
famille_shift_matching,src/app/api/shift-reject-performance-test/initial-data/route.ts,436,Route Handler / internal API,indirect/unknown,TABLE_OR_VIEW,user_doc_master,select,sb,yes
famille_shift_matching,src/app/api/shift-reject-performance-test/initial-data/route.ts,483,Route Handler / internal API,indirect/unknown,TABLE_OR_VIEW,wf_request,select,sb,yes
famille_shift_matching,src/app/api/shift-reject-performance-test/initial-data/route.ts,786,Route Handler / internal API,indirect/unknown,TABLE_OR_VIEW,users,select,sb,yes
famille_shift_matching,src/app/api/shift-records/route.ts,26,Route Handler / internal API,indirect/unknown,TABLE_OR_VIEW,shift_records,select+insert,sb,yes
famille_shift_matching,src/app/api/shift-records/route.ts,38,Route Handler / internal API,indirect/unknown,TABLE_OR_VIEW,shift_records,select+insert,sb,yes
famille_shift_matching,src/app/api/shift-records/route.ts,116,Route Handler / internal API,indirect/unknown,TABLE_OR_VIEW,shift_records,select+insert,sb,yes
famille_shift_matching,src/app/api/shift-records/route.ts,134,Route Handler / internal API,indirect/unknown,TABLE_OR_VIEW,shift_records,select+insert,sb,yes
famille_shift_matching,src/app/api/shift-records/route.ts,171,Route Handler / internal API,indirect/unknown,TABLE_OR_VIEW,shift_records,select+insert,sb,yes
famille_shift_matching,src/app/api/shift-records/[id]/route.ts,64,Route Handler / internal API,service_role/server secret,TABLE_OR_VIEW,shift_records,select+update,supabaseAdmin,yes
famille_shift_matching,src/app/api/shift-records/check/route.ts,40,Route Handler / internal API,indirect/unknown,TABLE_OR_VIEW,user_entry_united_view_single,select,supabase,yes
famille_shift_matching,src/app/api/shift-records/check/route.ts,52,Route Handler / internal API,indirect/unknown,TABLE_OR_VIEW,group_lw_channel_view,select,supabase,yes
famille_shift_matching,src/app/api/shift-records/check/route.ts,70,Route Handler / internal API,indirect/unknown,TABLE_OR_VIEW,shift_shift_record_view,select,supabase,yes
famille_shift_matching,src/app/api/shift-record-items/route.ts,104,Route Handler / internal API,indirect/unknown,TABLE_OR_VIEW,shift_records,select,sb,yes
famille_shift_matching,src/app/api/shift-record-items/route.ts,122,Route Handler / internal API,indirect/unknown,TABLE_OR_VIEW,shift_record_items,select,sb,yes
famille_shift_matching,src/app/api/shift-record-items/route.ts,173,Route Handler / internal API,indirect/unknown,TABLE_OR_VIEW,shift_record_items,upsert,sb,yes
famille_shift_matching,src/app/api/shift-record-def/item-defs/route.ts,24,Route Handler / internal API,indirect/unknown,TABLE_OR_VIEW,shift_record_item_defs,select,db,yes
famille_shift_matching,src/app/api/shift-record-def/item-defs/route.ts,69,Route Handler / internal API,indirect/unknown,TABLE_OR_VIEW,shift_record_item_defs,select+insert,db,yes
famille_shift_matching,src/app/api/shift-record-def/item-defs/[id]/route.ts,128,Route Handler / internal API,indirect/unknown,TABLE_OR_VIEW,shift_record_item_defs,update+delete,db,yes
famille_shift_matching,src/app/api/shift-record-def/item-defs/[id]/route.ts,135,Route Handler / internal API,indirect/unknown,TABLE_OR_VIEW,shift_record_item_defs,delete,db,yes
famille_shift_matching,src/app/api/shift-record-def/category-s/route.ts,6,Route Handler / internal API,indirect/unknown,TABLE_OR_VIEW,shift_record_category_s,select+insert,db,yes
famille_shift_matching,src/app/api/shift-record-def/category-s/route.ts,25,Route Handler / internal API,indirect/unknown,TABLE_OR_VIEW,shift_record_category_s,select+insert,db,yes
famille_shift_matching,src/app/api/shift-record-def/category-s/[id]/route.ts,33,Route Handler / internal API,service_role/server secret,TABLE_OR_VIEW,shift_record_category_s,select+update,supabase,yes
famille_shift_matching,src/app/api/shift-record-def/category-l/route.ts,6,Route Handler / internal API,indirect/unknown,TABLE_OR_VIEW,shift_record_category_l,select+insert,db,yes
famille_shift_matching,src/app/api/shift-record-def/category-l/route.ts,23,Route Handler / internal API,indirect/unknown,TABLE_OR_VIEW,shift_record_category_l,select+insert,db,yes
famille_shift_matching,src/app/api/shift-record-def/category-l/[id]/route.ts,35,Route Handler / internal API,service_role/server secret,TABLE_OR_VIEW,shift_record_category_l,select+update,supabase,yes
famille_shift_matching,src/app/api/shift-reassign/route.ts,94,Route Handler / internal API,service_role/server secret,RPC,shift_direct_reassign,execute,admin,yes
famille_shift_matching,src/app/api/shift-custom-view/route.ts,75,Route Handler / internal API,indirect/unknown,TABLE_OR_VIEW,shift,select,supabase,yes
famille_shift_matching,src/app/api/shift-custom-view/route.ts,110,Route Handler / internal API,indirect/unknown,TABLE_OR_VIEW,shift_csinfo_postalname_view,select,supabase,yes
famille_shift_matching,src/app/api/shift-custom-view/route.ts,144,Route Handler / internal API,indirect/unknown,TABLE_OR_VIEW,user_entry_united_view_single,select,supabase,yes
famille_shift_matching,src/app/api/shift-coordinate-rpa-request/route.ts,103,Route Handler / internal API,service_role/server secret,TABLE_OR_VIEW,rpa_command_requests,insert,supabaseAdmin,yes
famille_shift_matching,src/app/api/shift-coordinate-rpa-request/route.ts,132,Route Handler / internal API,service_role/server secret,TABLE_OR_VIEW,api_shift_coord_log,insert,supabaseAdmin,yes
famille_shift_matching,src/app/api/shift-coordinate-rpa-request/route.ts,60,Route Handler / internal API,service_role/server secret,RPC,assign_user_to_shift,execute,supabaseAdmin,yes
famille_shift_matching,src/app/api/shift-coordinate-performance-test/initial-data/route.ts,230,Route Handler / internal API,indirect/unknown,TABLE_OR_VIEW,shift_self_coordinate_card_view,select,sb,yes
famille_shift_matching,src/app/api/shift-coordinate-performance-test/initial-data/route.ts,254,Route Handler / internal API,indirect/unknown,TABLE_OR_VIEW,shift_self_coordinate_card_view,select,sb,yes
famille_shift_matching,src/app/api/shift-coordinate-performance-test/initial-data/route.ts,476,Route Handler / internal API,indirect/unknown,TABLE_OR_VIEW,form_entries,select,sb,yes
famille_shift_matching,src/app/api/shift-coordinate-performance-test/initial-data/route.ts,483,Route Handler / internal API,indirect/unknown,TABLE_OR_VIEW,user_doc_master,select,sb,yes
famille_shift_matching,src/app/api/shift-coordinate-performance-test/initial-data/route.ts,552,Route Handler / internal API,indirect/unknown,TABLE_OR_VIEW,users,select,sb,yes
famille_shift_matching,src/app/api/shift-coordinate-performance-test/initial-data/route.ts,563,Route Handler / internal API,indirect/unknown,TABLE_OR_VIEW,postal_district,select,sb,yes
famille_shift_matching,src/app/api/shift-assign-after-rpa/route.ts,495,Route Handler / internal API,service_role/server secret,TABLE_OR_VIEW,api_shift_coord_log,insert,supabaseAdmin,yes
famille_shift_matching,src/app/api/shift-assign-after-rpa/route.ts,451,Route Handler / internal API,service_role/server secret,RPC,assign_user_to_shift_v2,execute,supabaseAdmin,yes
famille_shift_matching,src/app/api/service-kinds/route.ts,5,Route Handler / internal API,service_role/server secret,TABLE_OR_VIEW,service_kinds,select,supabaseAdmin,yes
famille_shift_matching,src/app/api/send-nonemail-msg/route.ts,22,Route Handler / internal API,anon/publishable + user JWT,TABLE_OR_VIEW,users_personal_group_view,unknown,,yes
famille_shift_matching,src/app/api/rpa/taimee/workers/route.ts,26,RPA API,service_role/server secret,TABLE_OR_VIEW,form_entries,select,supabaseAdmin,yes
famille_shift_matching,src/app/api/rpa/taimee/workers/route.ts,47,RPA API,service_role/server secret,TABLE_OR_VIEW,taimee_applicants,select+insert+update,supabaseAdmin,yes
famille_shift_matching,src/app/api/rpa/taimee/workers/route.ts,58,RPA API,service_role/server secret,TABLE_OR_VIEW,taimee_applicants,select+insert+update,supabaseAdmin,yes
famille_shift_matching,src/app/api/rpa/taimee/workers/route.ts,62,RPA API,service_role/server secret,TABLE_OR_VIEW,taimee_applicants,select+insert,supabaseAdmin,yes
famille_shift_matching,src/app/api/rpa/taimee/workers/route.ts,72,RPA API,service_role/server secret,TABLE_OR_VIEW,taimee_applicant_jobs,select+insert+update,supabaseAdmin,yes
famille_shift_matching,src/app/api/rpa/taimee/workers/route.ts,77,RPA API,service_role/server secret,TABLE_OR_VIEW,taimee_applicant_jobs,select+insert+update,supabaseAdmin,yes
famille_shift_matching,src/app/api/rpa/taimee/workers/route.ts,78,RPA API,service_role/server secret,TABLE_OR_VIEW,taimee_applicant_jobs,select+insert,supabaseAdmin,yes
famille_shift_matching,src/app/api/rpa/taimee/workers/route.ts,80,RPA API,service_role/server secret,TABLE_OR_VIEW,taimee_sms_send_logs,select,supabaseAdmin,yes
famille_shift_matching,src/app/api/rpa/taimee/sms/template/route.ts,18,RPA API,service_role/server secret,TABLE_OR_VIEW,env_variables,select+upsert,supabaseAdmin,yes
famille_shift_matching,src/app/api/rpa/taimee/sms/template/route.ts,32,RPA API,service_role/server secret,TABLE_OR_VIEW,env_variables,upsert,supabaseAdmin,yes
famille_shift_matching,src/app/api/rpa/taimee/sms/send/route.ts,19,RPA API,service_role/server secret,TABLE_OR_VIEW,env_variables,select,supabaseAdmin,yes
famille_shift_matching,src/app/api/rpa/taimee/sms/send/route.ts,30,RPA API,service_role/server secret,TABLE_OR_VIEW,taimee_sms_send_logs,select+update,supabaseAdmin,yes
famille_shift_matching,src/app/api/rpa/taimee/sms/send/route.ts,42,RPA API,service_role/server secret,TABLE_OR_VIEW,taimee_sms_send_logs,select+insert+update,supabaseAdmin,yes
famille_shift_matching,src/app/api/rpa/taimee/sms/send/route.ts,46,RPA API,service_role/server secret,TABLE_OR_VIEW,taimee_sms_send_logs,select+insert,supabaseAdmin,yes
famille_shift_matching,src/app/api/rpa/taimee/sms/send/route.ts,49,RPA API,service_role/server secret,TABLE_OR_VIEW,taimee_sms_send_logs,select,supabaseAdmin,yes
famille_shift_matching,src/app/api/rpa/taimee/sms/send/route.ts,71,RPA API,service_role/server secret,TABLE_OR_VIEW,taimee_applicants,select,supabaseAdmin,yes
famille_shift_matching,src/app/api/rpa/taimee/sms/send/route.ts,88,RPA API,service_role/server secret,TABLE_OR_VIEW,taimee_sms_send_logs,update,supabaseAdmin,yes
famille_shift_matching,src/app/api/rpa/taimee/sms/send/route.ts,89,RPA API,service_role/server secret,TABLE_OR_VIEW,taimee_applicants,update,supabaseAdmin,yes
famille_shift_matching,src/app/api/rpa/taimee/sms/send/route.ts,95,RPA API,service_role/server secret,TABLE_OR_VIEW,taimee_sms_send_logs,update,supabaseAdmin,yes
famille_shift_matching,src/app/api/rpa/onboarding/finalize/route.ts,19,RPA API,service_role/server secret,TABLE_OR_VIEW,cs_docs,select+update,supabaseAdmin,yes
famille_shift_matching,src/app/api/rpa/onboarding/finalize/route.ts,36,RPA API,service_role/server secret,TABLE_OR_VIEW,cs_docs,update,supabaseAdmin,yes
famille_shift_matching,src/app/api/rpa/onboarding/finalize/route.ts,62,RPA API,service_role/server secret,TABLE_OR_VIEW,cs_kaipoke_info,select,supabaseAdmin,yes
famille_shift_matching,src/app/api/rpa/job-presets/route.ts,70,RPA API,service_role/server secret,TABLE_OR_VIEW,rpa_job_presets,select,supabaseAdmin,yes
famille_shift_matching,src/app/api/rpa/job-presets/route.ts,89,RPA API,service_role/server secret,TABLE_OR_VIEW,rpa_job_presets,select+insert,supabaseAdmin,yes
famille_shift_matching,src/app/api/rpa/job-presets/route.ts,107,RPA API,service_role/server secret,TABLE_OR_VIEW,rpa_job_presets,select+update,supabaseAdmin,yes
famille_shift_matching,src/app/api/rpa/form-entry-attachments/route.ts,28,RPA API,service_role/server secret,TABLE_OR_VIEW,form_entries,select,supabaseAdmin,yes
famille_shift_matching,src/app/api/rpa/form-entry-attachments/route.ts,72,RPA API,service_role/server secret,TABLE_OR_VIEW,form_entries,select+update,supabaseAdmin,yes
famille_shift_matching,src/app/api/rpa/diagnostics/route.ts,63,RPA API,service_role/server secret,TABLE_OR_VIEW,rpa_page_snapshots,select+insert,supabaseAdmin,yes
famille_shift_matching,src/app/api/rpa/diagnostics/route.ts,70,RPA API,service_role/server secret,TABLE_OR_VIEW,rpa_diagnostics,select+insert,supabaseAdmin,yes
famille_shift_matching,src/app/api/rpa/diagnostics/route.ts,108,RPA API,service_role/server secret,TABLE_OR_VIEW,rpa_page_snapshots,select,supabaseAdmin,yes
famille_shift_matching,src/app/api/rpa/client-update/route.ts,45,RPA API,service_role/server secret,TABLE_OR_VIEW,cs_kaipoke_info,select,supabaseAdmin,yes
famille_shift_matching,src/app/api/rpa/client-update/route.ts,76,RPA API,service_role/server secret,TABLE_OR_VIEW,cs_kaipoke_info,update,supabaseAdmin,yes
famille_shift_matching,src/app/api/rpa/client-register/route.ts,52,RPA API,service_role/server secret,TABLE_OR_VIEW,cs_kaipoke_info,select+insert,supabaseAdmin,yes
famille_shift_matching,src/app/api/rpa/client-register/route.ts,72,RPA API,service_role/server secret,TABLE_OR_VIEW,cs_kaipoke_info,insert,supabaseAdmin,yes
famille_shift_matching,src/app/api/rpa/client-lookup/route.ts,24,RPA API,service_role/server secret,TABLE_OR_VIEW,cs_kaipoke_info,select,supabaseAdmin,yes
famille_shift_matching,src/app/api/roster/weekly/templates/route.ts,15,Route Handler / internal API,service_role/server secret,TABLE_OR_VIEW,shift_weekly_template,select,supabaseAdmin,yes
famille_shift_matching,src/app/api/roster/weekly/templates/bulk_upsert/route.ts,26,Route Handler / internal API,service_role/server secret,TABLE_OR_VIEW,shift_weekly_template,delete+upsert,supabaseAdmin,yes
famille_shift_matching,src/app/api/roster/weekly/templates/bulk_upsert/route.ts,49,Route Handler / internal API,service_role/server secret,TABLE_OR_VIEW,shift_weekly_template,upsert,supabaseAdmin,yes
famille_shift_matching,src/app/api/roster/weekly/templates/bulk_delete/route.ts,12,Route Handler / internal API,service_role/server secret,TABLE_OR_VIEW,shift_weekly_template,delete,supabaseAdmin,yes
famille_shift_matching,src/app/api/roster/weekly/expand/route.ts,60,Route Handler / internal API,service_role/server secret,TABLE_OR_VIEW,shift_weekly_template,select,supabaseAdmin,yes
famille_shift_matching,src/app/api/roster/weekly/expand/route.ts,71,Route Handler / internal API,service_role/server secret,TABLE_OR_VIEW,shift,select,supabaseAdmin,yes
famille_shift_matching,src/app/api/roster/weekly/expand/route.ts,128,Route Handler / internal API,service_role/server secret,TABLE_OR_VIEW,shift,insert+delete,supabaseAdmin,yes
famille_shift_matching,src/app/api/roster/weekly/expand/route.ts,149,Route Handler / internal API,service_role/server secret,TABLE_OR_VIEW,shift,insert,supabaseAdmin,yes
famille_shift_matching,src/app/api/roster/weekly/bulk_deploy/route.ts,18,Route Handler / internal API,service_role/server secret,TABLE_OR_VIEW,shift_weekly_template,select,supabaseAdmin,yes
famille_shift_matching,src/app/api/roster/shifts/[id]/route.ts,89,Route Handler / internal API,indirect/unknown,TABLE_OR_VIEW,shift,select,SB,yes
famille_shift_matching,src/app/api/roster/shifts/[id]/route.ts,160,Route Handler / internal API,indirect/unknown,TABLE_OR_VIEW,shift,select+update,SB,yes
famille_shift_matching,src/app/api/roster/shifts/[id]/route.ts,184,Route Handler / internal API,indirect/unknown,TABLE_OR_VIEW,shift,select,SB,yes
famille_shift_matching,src/app/api/roster/shifts/[id]/route.ts,123,Route Handler / internal API,indirect/unknown,RPC,roster_patch_shift_with_context,execute,SB,yes
famille_shift_matching,src/app/api/regular-shift-requests/route.ts,42,Route Handler / internal API,service_role/server secret,TABLE_OR_VIEW,users,select,supabaseAdmin,yes
famille_shift_matching,src/app/api/regular-shift-requests/route.ts,50,Route Handler / internal API,service_role/server secret,TABLE_OR_VIEW,user_entry_united_view_single,select,supabaseAdmin,yes
famille_shift_matching,src/app/api/regular-shift-requests/route.ts,61,Route Handler / internal API,service_role/server secret,TABLE_OR_VIEW,shift_weekly_template,select,supabaseAdmin,yes
famille_shift_matching,src/app/api/regular-shift-requests/route.ts,71,Route Handler / internal API,service_role/server secret,TABLE_OR_VIEW,regular_shift_requests,select,supabaseAdmin,yes
famille_shift_matching,src/app/api/regular-shift-requests/route.ts,100,Route Handler / internal API,service_role/server secret,TABLE_OR_VIEW,shift,select,supabaseAdmin,yes
famille_shift_matching,src/app/api/regular-shift-requests/route.ts,118,Route Handler / internal API,service_role/server secret,TABLE_OR_VIEW,shift,select+insert,supabaseAdmin,yes
famille_shift_matching,src/app/api/regular-shift-requests/route.ts,119,Route Handler / internal API,service_role/server secret,TABLE_OR_VIEW,shift_weekly_template,select+insert,supabaseAdmin,yes
famille_shift_matching,src/app/api/regular-shift-requests/route.ts,128,Route Handler / internal API,service_role/server secret,TABLE_OR_VIEW,regular_shift_requests,select+insert,supabaseAdmin,yes
famille_shift_matching,src/app/api/regular-shift-requests/route.ts,142,Route Handler / internal API,service_role/server secret,TABLE_OR_VIEW,group_lw_channel_view,select,supabaseAdmin,yes
famille_shift_matching,src/app/api/regular-shift-requests/route.ts,157,Route Handler / internal API,service_role/server secret,TABLE_OR_VIEW,regular_shift_requests,update,supabaseAdmin,yes
famille_shift_matching,src/app/api/public/expense-claims/route.ts,379,Route Handler / internal API,service_role/server secret,TABLE_OR_VIEW,external_expense_claims,select+insert,supabaseAdmin,yes
famille_shift_matching,src/app/api/postal-districts/route.ts,7,Route Handler / internal API,service_role/server secret,TABLE_OR_VIEW,postal_district,select,supabaseAdmin,yes
famille_shift_matching,src/app/api/postal-district/route.ts,9,Route Handler / internal API,service_role/server secret,TABLE_OR_VIEW,postal_district,select,supabaseAdmin,yes
famille_shift_matching,src/app/api/postal-district/route.ts,38,Route Handler / internal API,service_role/server secret,TABLE_OR_VIEW,postal_district,select+insert,supabaseAdmin,yes
famille_shift_matching,src/app/api/postal-district/[postal_code_3]/route.ts,24,Route Handler / internal API,service_role/server secret,TABLE_OR_VIEW,postal_district,select+update+delete,supabaseAdmin,yes
famille_shift_matching,src/app/api/postal-district/[postal_code_3]/route.ts,38,Route Handler / internal API,service_role/server secret,TABLE_OR_VIEW,postal_district,delete,supabaseAdmin,yes
famille_shift_matching,src/app/api/portal/user_salary_monthly/route.ts,31,Route Handler / internal API,service_role/server secret,TABLE_OR_VIEW,users,select,supabaseAdmin,yes
famille_shift_matching,src/app/api/portal/user_salary_monthly/route.ts,45,Route Handler / internal API,service_role/server secret,TABLE_OR_VIEW,user_salary_monthly,select,supabaseAdmin,yes
famille_shift_matching,src/app/api/portal/user_salary_monthly/route.ts,62,Route Handler / internal API,service_role/server secret,TABLE_OR_VIEW,user_salary_monthly,select,supabaseAdmin,yes
famille_shift_matching,src/app/api/portal/user_notification_determination/route.ts,20,Route Handler / internal API,service_role/server secret,TABLE_OR_VIEW,users,select,supabaseAdmin,yes
famille_shift_matching,src/app/api/portal/user_notification_determination/route.ts,36,Route Handler / internal API,service_role/server secret,TABLE_OR_VIEW,user_notification_determination,select,supabaseAdmin,yes
famille_shift_matching,src/app/api/portal/shift-batch-reassign/route.ts,16,Route Handler / internal API,service_role/server secret,TABLE_OR_VIEW,users,select,supabaseAdmin,yes
famille_shift_matching,src/app/api/portal/shift-batch-reassign/route.ts,35,Route Handler / internal API,service_role/server secret,TABLE_OR_VIEW,user_entry_united_view_single,select,supabaseAdmin,yes
famille_shift_matching,src/app/api/portal/shift-batch-reassign/route.ts,50,Route Handler / internal API,service_role/server secret,TABLE_OR_VIEW,shift,select,supabaseAdmin,yes
famille_shift_matching,src/app/api/portal/shift-batch-reassign/route.ts,54,Route Handler / internal API,service_role/server secret,TABLE_OR_VIEW,shift_weekly_template,select,supabaseAdmin,yes
famille_shift_matching,src/app/api/portal/shift-batch-reassign/route.ts,63,Route Handler / internal API,service_role/server secret,TABLE_OR_VIEW,cs_kaipoke_info,select,supabaseAdmin,yes
famille_shift_matching,src/app/api/portal/shift-batch-reassign/route.ts,68,Route Handler / internal API,service_role/server secret,RPC,batch_reassign_departed_staff_shifts,execute,supabaseAdmin,yes
famille_shift_matching,src/app/api/portal/salary-summary/route.ts,143,Route Handler / internal API,service_role/server secret,TABLE_OR_VIEW,user_entry_united_view_single,select,supabaseAdmin,yes
famille_shift_matching,src/app/api/portal/salary-summary/route.ts,185,Route Handler / internal API,service_role/server secret,TABLE_OR_VIEW,shift_self_coordinate_card_view2,select,supabaseAdmin,yes
famille_shift_matching,src/app/api/portal/salary-summary/route.ts,266,Route Handler / internal API,service_role/server secret,TABLE_OR_VIEW,shift_add_status_view,select,supabaseAdmin,yes
famille_shift_matching,src/app/api/portal/my-score/route.ts,409,Route Handler / internal API,service_role/server secret,TABLE_OR_VIEW,user_entry_united_view_single,select,supabaseAdmin,yes
famille_shift_matching,src/app/api/portal/my-score/route.ts,442,Route Handler / internal API,service_role/server secret,TABLE_OR_VIEW,user_entry_united_view_single,select,supabaseAdmin,yes
famille_shift_matching,src/app/api/portal/my-score/route.ts,516,Route Handler / internal API,service_role/server secret,TABLE_OR_VIEW,staff_monthly_score_summaries,select,supabaseAdmin,yes
famille_shift_matching,src/app/api/portal/my-score/route.ts,539,Route Handler / internal API,service_role/server secret,TABLE_OR_VIEW,team_monthly_score_summaries,select,supabaseAdmin,yes
famille_shift_matching,src/app/api/portal/my-score/route.ts,551,Route Handler / internal API,service_role/server secret,TABLE_OR_VIEW,team_monthly_score_summaries,select,supabaseAdmin,yes
famille_shift_matching,src/app/api/portal/my-score/route.ts,582,Route Handler / internal API,service_role/server secret,TABLE_OR_VIEW,staff_monthly_score_summaries,select,supabaseAdmin,yes
famille_shift_matching,src/app/api/portal/my-score/route.ts,638,Route Handler / internal API,service_role/server secret,TABLE_OR_VIEW,staff_monthly_score_summaries,select,supabaseAdmin,yes
famille_shift_matching,src/app/api/portal/db_yomitori/route.ts,20,Route Handler / internal API,service_role/server secret,TABLE_OR_VIEW,staff_monthly_score_summaries,select,supabaseAdmin,yes
famille_shift_matching,src/app/api/plans/route.ts,23,Route Handler / internal API,service_role/server secret,TABLE_OR_VIEW,plans,select,supabaseAdmin,yes
famille_shift_matching,src/app/api/plans/[id]/route.ts,22,Route Handler / internal API,service_role/server secret,TABLE_OR_VIEW,plans,select,supabaseAdmin,yes
famille_shift_matching,src/app/api/plans/[id]/route.ts,63,Route Handler / internal API,service_role/server secret,TABLE_OR_VIEW,cs_docs,select,supabaseAdmin,yes
famille_shift_matching,src/app/api/plans/[id]/route.ts,99,Route Handler / internal API,service_role/server secret,TABLE_OR_VIEW,plan_services,select,supabaseAdmin,yes
famille_shift_matching,src/app/api/plans/[id]/route.ts,150,Route Handler / internal API,service_role/server secret,TABLE_OR_VIEW,plan_long_term_goals,select,supabaseAdmin,yes
famille_shift_matching,src/app/api/plans/[id]/route.ts,205,Route Handler / internal API,service_role/server secret,TABLE_OR_VIEW,plan_short_term_goals,select,supabaseAdmin,yes
famille_shift_matching,src/app/api/plans/[id]/route.ts,257,Route Handler / internal API,service_role/server secret,TABLE_OR_VIEW,cs_kaipoke_info,select,supabaseAdmin,yes
famille_shift_matching,src/app/api/plans/[id]/route.ts,284,Route Handler / internal API,service_role/server secret,TABLE_OR_VIEW,user_entry_united_view_single,select,supabaseAdmin,yes
famille_shift_matching,src/app/api/plans/[id]/route.ts,444,Route Handler / internal API,service_role/server secret,TABLE_OR_VIEW,plans,select+update,supabaseAdmin,yes
famille_shift_matching,src/app/api/plans/[id]/route.ts,492,Route Handler / internal API,service_role/server secret,TABLE_OR_VIEW,plan_long_term_goals,update,supabaseAdmin,yes
famille_shift_matching,src/app/api/plans/[id]/route.ts,582,Route Handler / internal API,service_role/server secret,TABLE_OR_VIEW,plan_short_term_goals,update,supabaseAdmin,yes
famille_shift_matching,src/app/api/plans/[id]/pdf/route.ts,84,Route Handler / internal API,service_role/server secret,TABLE_OR_VIEW,plans,select,supabaseAdmin,yes
famille_shift_matching,src/app/api/plans/[id]/pdf/route.ts,96,Route Handler / internal API,service_role/server secret,TABLE_OR_VIEW,plan_services,select,supabaseAdmin,yes
famille_shift_matching,src/app/api/plans/[id]/pdf/route.ts,108,Route Handler / internal API,service_role/server secret,TABLE_OR_VIEW,cs_kaipoke_info,select,supabaseAdmin,yes
famille_shift_matching,src/app/api/plans/[id]/pdf/route.ts,155,Route Handler / internal API,service_role/server secret,TABLE_OR_VIEW,plans,update,supabaseAdmin,yes
famille_shift_matching,src/app/api/plans/generate/route.ts,300,Route Handler / internal API,service_role/server secret,TABLE_OR_VIEW,cs_docs,select,supabaseAdmin,yes
famille_shift_matching,src/app/api/plans/generate/route.ts,331,Route Handler / internal API,service_role/server secret,TABLE_OR_VIEW,cs_docs,select,supabaseAdmin,yes
famille_shift_matching,src/app/api/plans/generate/route.ts,1888,Route Handler / internal API,service_role/server secret,TABLE_OR_VIEW,assessments_records,select,supabaseAdmin,yes
famille_shift_matching,src/app/api/plans/generate/route.ts,1944,Route Handler / internal API,service_role/server secret,TABLE_OR_VIEW,cs_docs,select,supabaseAdmin,yes
famille_shift_matching,src/app/api/plans/generate/route.ts,2106,Route Handler / internal API,service_role/server secret,TABLE_OR_VIEW,assessments_records,select,supabaseAdmin,yes
famille_shift_matching,src/app/api/plans/generate/route.ts,2159,Route Handler / internal API,service_role/server secret,TABLE_OR_VIEW,cs_docs,select,supabaseAdmin,yes
famille_shift_matching,src/app/api/plans/generate/route.ts,2274,Route Handler / internal API,service_role/server secret,TABLE_OR_VIEW,plan_generation_source_view,select,supabaseAdmin,yes
famille_shift_matching,src/app/api/plans/generate/route.ts,2692,Route Handler / internal API,service_role/server secret,TABLE_OR_VIEW,plans,select,supabaseAdmin,yes
famille_shift_matching,src/app/api/plans/generate/route.ts,2715,Route Handler / internal API,service_role/server secret,TABLE_OR_VIEW,plan_long_term_goals,select+update,supabaseAdmin,yes
famille_shift_matching,src/app/api/plans/generate/route.ts,2748,Route Handler / internal API,service_role/server secret,TABLE_OR_VIEW,plan_short_term_goals,update,supabaseAdmin,yes
famille_shift_matching,src/app/api/plans/generate/route.ts,2770,Route Handler / internal API,service_role/server secret,TABLE_OR_VIEW,plan_long_term_goals,update,supabaseAdmin,yes
famille_shift_matching,src/app/api/plans/generate/route.ts,2791,Route Handler / internal API,service_role/server secret,TABLE_OR_VIEW,plan_services,update,supabaseAdmin,yes
famille_shift_matching,src/app/api/plans/generate/route.ts,2810,Route Handler / internal API,service_role/server secret,TABLE_OR_VIEW,plans,select+update,supabaseAdmin,yes
famille_shift_matching,src/app/api/plans/generate/route.ts,2844,Route Handler / internal API,service_role/server secret,TABLE_OR_VIEW,plans,select,supabaseAdmin,yes
famille_shift_matching,src/app/api/plans/generate/route.ts,2858,Route Handler / internal API,service_role/server secret,TABLE_OR_VIEW,plan_services,select,supabaseAdmin,yes
famille_shift_matching,src/app/api/plans/generate/route.ts,2898,Route Handler / internal API,service_role/server secret,TABLE_OR_VIEW,plan_long_term_goals,select+update,supabaseAdmin,yes
famille_shift_matching,src/app/api/plans/generate/route.ts,2915,Route Handler / internal API,service_role/server secret,TABLE_OR_VIEW,plan_short_term_goals,update,supabaseAdmin,yes
famille_shift_matching,src/app/api/plans/generate/route.ts,2928,Route Handler / internal API,service_role/server secret,TABLE_OR_VIEW,plan_long_term_goals,update,supabaseAdmin,yes
famille_shift_matching,src/app/api/plans/generate/route.ts,2942,Route Handler / internal API,service_role/server secret,TABLE_OR_VIEW,plans,update,supabaseAdmin,yes
famille_shift_matching,src/app/api/plans/generate/route.ts,3082,Route Handler / internal API,service_role/server secret,TABLE_OR_VIEW,plans,insert,supabaseAdmin,yes
famille_shift_matching,src/app/api/plans/generate/route.ts,3251,Route Handler / internal API,service_role/server secret,TABLE_OR_VIEW,plan_long_term_goals,insert,supabaseAdmin,yes
famille_shift_matching,src/app/api/plans/generate/route.ts,3347,Route Handler / internal API,service_role/server secret,TABLE_OR_VIEW,plan_short_term_goals,insert,supabaseAdmin,yes
famille_shift_matching,src/app/api/plans/generate/route.ts,3552,Route Handler / internal API,service_role/server secret,TABLE_OR_VIEW,plan_services,select+insert,supabaseAdmin,yes
famille_shift_matching,src/app/api/plans/generate/route.ts,3720,Route Handler / internal API,service_role/server secret,TABLE_OR_VIEW,plan_service_short_term_goals,insert,supabaseAdmin,yes
famille_shift_matching,src/app/api/plans/generate/route.ts,3869,Route Handler / internal API,service_role/server secret,TABLE_OR_VIEW,shift,select,supabaseAdmin,yes
famille_shift_matching,src/app/api/plan-services/[id]/route.ts,37,Route Handler / internal API,service_role/server secret,TABLE_OR_VIEW,plan_services,select+update,supabaseAdmin,yes
famille_shift_matching,src/app/api/phone/route.ts,24,Route Handler / internal API,service_role/server secret,TABLE_OR_VIEW,phone,select+insert+update,supabase,yes
famille_shift_matching,src/app/api/phone/route.ts,35,Route Handler / internal API,service_role/server secret,TABLE_OR_VIEW,phone,select+update,supabase,yes
famille_shift_matching,src/app/api/phone/route.ts,56,Route Handler / internal API,service_role/server secret,TABLE_OR_VIEW,phone,update+delete,supabase,yes
famille_shift_matching,src/app/api/phone/route.ts,76,Route Handler / internal API,indirect/unknown,TABLE_OR_VIEW,phone,delete,supabase,yes
famille_shift_matching,src/app/api/parking/places/route.ts,9,Route Handler / internal API,service_role/server secret,TABLE_OR_VIEW,parking_cs_places,delete+upsert,supabaseAdmin,yes
famille_shift_matching,src/app/api/parking/places/route.ts,22,Route Handler / internal API,service_role/server secret,TABLE_OR_VIEW,parking_cs_places,delete,supabaseAdmin,yes
famille_shift_matching,src/app/api/parking/permit-apply/route.ts,129,Route Handler / internal API,service_role/server secret,TABLE_OR_VIEW,parking_cs_places,select,supabaseAdmin,yes
famille_shift_matching,src/app/api/parking/permit-apply/route.ts,141,Route Handler / internal API,service_role/server secret,TABLE_OR_VIEW,cs_kaipoke_info,select,supabaseAdmin,yes
famille_shift_matching,src/app/api/parking/permit-apply/route.ts,149,Route Handler / internal API,service_role/server secret,TABLE_OR_VIEW,group_lw_channel_view,select,supabaseAdmin,yes
famille_shift_matching,src/app/api/parking/permit-apply/route.ts,160,Route Handler / internal API,service_role/server secret,TABLE_OR_VIEW,user_entry_united_view_single,select,supabaseAdmin,yes
famille_shift_matching,src/app/api/parking/cs_places/route.ts,43,Route Handler / internal API,service_role/server secret,TABLE_OR_VIEW,parking_cs_places_admin_view,select,supabaseAdmin,yes
famille_shift_matching,src/app/api/parking/cs_places/route.ts,54,Route Handler / internal API,service_role/server secret,TABLE_OR_VIEW,parking_cs_places,select,supabaseAdmin,yes
famille_shift_matching,src/app/api/parking/cs_places/route.ts,119,Route Handler / internal API,service_role/server secret,TABLE_OR_VIEW,users,select+insert,supabaseAdmin,yes
famille_shift_matching,src/app/api/parking/cs_places/route.ts,139,Route Handler / internal API,service_role/server secret,TABLE_OR_VIEW,parking_cs_places,select+insert,supabaseAdmin,yes
famille_shift_matching,src/app/api/parking/cs_places/[id]/route.ts,70,Route Handler / internal API,service_role/server secret,TABLE_OR_VIEW,users,select+update,supabaseAdmin,yes
famille_shift_matching,src/app/api/parking/cs_places/[id]/route.ts,82,Route Handler / internal API,service_role/server secret,TABLE_OR_VIEW,parking_cs_places,select+update,supabaseAdmin,yes
famille_shift_matching,src/app/api/parking/cs_places/by-client/route.ts,29,Route Handler / internal API,service_role/server secret,TABLE_OR_VIEW,parking_cs_places,select,supabaseAdmin,yes
famille_shift_matching,src/app/api/orgIcons/route.ts,7,Route Handler / internal API,service_role/server secret,TABLE_OR_VIEW,orgs,select,supabaseAdmin,yes
famille_shift_matching,src/app/api/monthly-meeting/sync/route.ts,36,Route Handler / internal API,service_role/server secret,TABLE_OR_VIEW,users,select,supabaseAdmin,yes
famille_shift_matching,src/app/api/monthly-meeting/sync/route.ts,76,Route Handler / internal API,service_role/server secret,TABLE_OR_VIEW,shift,select,supabaseAdmin,yes
famille_shift_matching,src/app/api/monthly-meeting/sync/route.ts,105,Route Handler / internal API,service_role/server secret,TABLE_OR_VIEW,monthly_meeting_attendance,upsert,supabaseAdmin,yes
famille_shift_matching,src/app/api/monthly-meeting/attendance/route.ts,37,Route Handler / internal API,service_role/server secret,TABLE_OR_VIEW,users,select,supabaseAdmin,yes
famille_shift_matching,src/app/api/monthly-meeting/attendance/route.ts,98,Route Handler / internal API,service_role/server secret,TABLE_OR_VIEW,shift,select,supabaseAdmin,yes
famille_shift_matching,src/app/api/monthly-meeting/attendance/route.ts,121,Route Handler / internal API,service_role/server secret,TABLE_OR_VIEW,orgs,select,supabaseAdmin,yes
famille_shift_matching,src/app/api/monthly-meeting/attendance/route.ts,139,Route Handler / internal API,service_role/server secret,TABLE_OR_VIEW,users,select,supabaseAdmin,yes
famille_shift_matching,src/app/api/monthly-meeting/attendance/route.ts,166,Route Handler / internal API,service_role/server secret,TABLE_OR_VIEW,monthly_meeting_attendance,select,supabaseAdmin,yes
famille_shift_matching,src/app/api/monthly-meeting/attendance/route.ts,188,Route Handler / internal API,service_role/server secret,TABLE_OR_VIEW,user_entry_united_view_single,select,supabaseAdmin,yes
famille_shift_matching,src/app/api/monthly-meeting/attendance/route.ts,211,Route Handler / internal API,service_role/server secret,TABLE_OR_VIEW,users,select,supabaseAdmin,yes
famille_shift_matching,src/app/api/monthly-meeting/attendance/route.ts,237,Route Handler / internal API,service_role/server secret,TABLE_OR_VIEW,orgs,select,supabaseAdmin,yes
famille_shift_matching,src/app/api/monthly-meeting/attendance/route.ts,270,Route Handler / internal API,service_role/server secret,TABLE_OR_VIEW,monthly_meeting_attendance,select,supabaseAdmin,yes
famille_shift_matching,src/app/api/monthly-meeting/attendance/route.ts,403,Route Handler / internal API,service_role/server secret,TABLE_OR_VIEW,monthly_meeting_attendance,update,supabaseAdmin,yes
famille_shift_matching,src/app/api/monthly-meeting/attendance/init/route.ts,41,Route Handler / internal API,service_role/server secret,TABLE_OR_VIEW,users,select,supabaseAdmin,yes
famille_shift_matching,src/app/api/monthly-meeting/attendance/init/route.ts,85,Route Handler / internal API,service_role/server secret,TABLE_OR_VIEW,shift,select,supabaseAdmin,yes
famille_shift_matching,src/app/api/monthly-meeting/attendance/init/route.ts,109,Route Handler / internal API,service_role/server secret,TABLE_OR_VIEW,orgs,select,supabaseAdmin,yes
famille_shift_matching,src/app/api/monthly-meeting/attendance/init/route.ts,127,Route Handler / internal API,service_role/server secret,TABLE_OR_VIEW,users,select,supabaseAdmin,yes
famille_shift_matching,src/app/api/monthly-meeting/attendance/init/route.ts,167,Route Handler / internal API,service_role/server secret,TABLE_OR_VIEW,monthly_meeting_attendance,select+upsert,supabaseAdmin,yes
famille_shift_matching,src/app/api/monthly-meeting/attendance/init/route.ts,191,Route Handler / internal API,service_role/server secret,TABLE_OR_VIEW,monthly_meeting_attendance,upsert,supabaseAdmin,yes
famille_shift_matching,src/app/api/monitorings/route.ts,23,Route Handler / internal API,service_role/server secret,TABLE_OR_VIEW,cs_kaipoke_info,select,supabaseAdmin,yes
famille_shift_matching,src/app/api/monitorings/route.ts,28,Route Handler / internal API,service_role/server secret,TABLE_OR_VIEW,client_monitorings,select,supabaseAdmin,yes
famille_shift_matching,src/app/api/monitorings/route.ts,42,Route Handler / internal API,service_role/server secret,TABLE_OR_VIEW,monitoring_fax_history,select,supabaseAdmin,yes
famille_shift_matching,src/app/api/monitorings/route.ts,99,Route Handler / internal API,service_role/server secret,TABLE_OR_VIEW,client_monitorings,select+insert,supabaseAdmin,yes
famille_shift_matching,src/app/api/monitorings/route.ts,123,Route Handler / internal API,service_role/server secret,TABLE_OR_VIEW,client_monitoring_goals,insert+update,supabaseAdmin,yes
famille_shift_matching,src/app/api/monitorings/route.ts,136,Route Handler / internal API,service_role/server secret,TABLE_OR_VIEW,client_monitorings,update,supabaseAdmin,yes
famille_shift_matching,src/app/api/monitorings/[id]/route.ts,31,Route Handler / internal API,service_role/server secret,TABLE_OR_VIEW,monitoring_fax_history,select,supabaseAdmin,yes
famille_shift_matching,src/app/api/monitorings/[id]/route.ts,36,Route Handler / internal API,service_role/server secret,TABLE_OR_VIEW,client_monitoring_pdf_snapshots,select,supabaseAdmin,yes
famille_shift_matching,src/app/api/monitorings/[id]/route.ts,41,Route Handler / internal API,service_role/server secret,TABLE_OR_VIEW,client_monitoring_events,select,supabaseAdmin,yes
famille_shift_matching,src/app/api/monitorings/[id]/route.ts,92,Route Handler / internal API,service_role/server secret,TABLE_OR_VIEW,client_monitorings,update,supabaseAdmin,yes
famille_shift_matching,src/app/api/monitorings/[id]/route.ts,119,Route Handler / internal API,service_role/server secret,TABLE_OR_VIEW,client_monitoring_goals,update,supabaseAdmin,yes
famille_shift_matching,src/app/api/monitorings/[id]/route.ts,154,Route Handler / internal API,service_role/server secret,TABLE_OR_VIEW,monitoring_fax_history,select+update,supabaseAdmin,yes
famille_shift_matching,src/app/api/monitorings/[id]/route.ts,166,Route Handler / internal API,service_role/server secret,TABLE_OR_VIEW,client_monitorings,update,supabaseAdmin,yes
famille_shift_matching,src/app/api/monitorings/[id]/pdf/route.ts,45,Route Handler / internal API,service_role/server secret,TABLE_OR_VIEW,client_monitoring_pdf_snapshots,select,supabaseAdmin,yes
famille_shift_matching,src/app/api/monitorings/[id]/pdf/route.ts,70,Route Handler / internal API,indirect/unknown,TABLE_OR_VIEW,monitoring-pdfs,select+insert+update,storage,no
famille_shift_matching,src/app/api/monitorings/[id]/pdf/route.ts,76,Route Handler / internal API,service_role/server secret,TABLE_OR_VIEW,client_monitoring_pdf_snapshots,select+insert+update,supabaseAdmin,yes
famille_shift_matching,src/app/api/monitorings/[id]/pdf/route.ts,93,Route Handler / internal API,service_role/server secret,TABLE_OR_VIEW,client_monitorings,update,supabaseAdmin,yes
famille_shift_matching,src/app/api/monitorings/[id]/pdf/route.ts,124,Route Handler / internal API,service_role/server secret,TABLE_OR_VIEW,client_monitoring_pdf_snapshots,select,supabaseAdmin,yes
famille_shift_matching,src/app/api/monitorings/[id]/generate/route.ts,31,Route Handler / internal API,service_role/server secret,TABLE_OR_VIEW,client_monitorings,update,supabaseAdmin,yes
famille_shift_matching,src/app/api/monitorings/[id]/generate/route.ts,59,Route Handler / internal API,service_role/server secret,TABLE_OR_VIEW,client_monitoring_goals,update,supabaseAdmin,yes
famille_shift_matching,src/app/api/monitorings/[id]/fax/route.ts,55,Route Handler / internal API,service_role/server secret,TABLE_OR_VIEW,client_monitoring_pdf_snapshots,select+insert,supabaseAdmin,yes
famille_shift_matching,src/app/api/monitorings/[id]/fax/route.ts,64,Route Handler / internal API,service_role/server secret,TABLE_OR_VIEW,monitoring_fax_history,select+insert,supabaseAdmin,yes
famille_shift_matching,src/app/api/monitorings/[id]/fax/route.ts,72,Route Handler / internal API,service_role/server secret,TABLE_OR_VIEW,monitoring_fax_history,select+insert,supabaseAdmin,yes
famille_shift_matching,src/app/api/monitorings/[id]/fax/route.ts,93,Route Handler / internal API,service_role/server secret,TABLE_OR_VIEW,fax_log,insert,supabaseAdmin,yes
famille_shift_matching,src/app/api/monitorings/[id]/fax/route.ts,130,Route Handler / internal API,service_role/server secret,TABLE_OR_VIEW,monitoring_fax_history,update,supabaseAdmin,yes
famille_shift_matching,src/app/api/monitorings/[id]/fax/route.ts,141,Route Handler / internal API,service_role/server secret,TABLE_OR_VIEW,fax_log,update,supabaseAdmin,yes
famille_shift_matching,src/app/api/monitorings/[id]/fax/route.ts,154,Route Handler / internal API,service_role/server secret,TABLE_OR_VIEW,client_monitorings,update,supabaseAdmin,yes
famille_shift_matching,src/app/api/monitorings/[id]/fax/route.ts,177,Route Handler / internal API,service_role/server secret,TABLE_OR_VIEW,monitoring_fax_history,update,supabaseAdmin,yes
famille_shift_matching,src/app/api/monitorings/[id]/fax/route.ts,186,Route Handler / internal API,service_role/server secret,TABLE_OR_VIEW,fax_log,update,supabaseAdmin,yes
famille_shift_matching,src/app/api/monitorings/[id]/confirm/route.ts,39,Route Handler / internal API,service_role/server secret,TABLE_OR_VIEW,client_monitorings,update,supabaseAdmin,yes
famille_shift_matching,src/app/api/monitorings/monthly-notice/route.ts,31,Route Handler / internal API,service_role/server secret,TABLE_OR_VIEW,monitoring_monthly_notices,select,supabaseAdmin,no
famille_shift_matching,src/app/api/monitorings/monthly-notice/route.ts,64,Route Handler / internal API,service_role/server secret,TABLE_OR_VIEW,monitoring_monthly_notices,select+upsert,supabaseAdmin,no
famille_shift_matching,src/app/api/monitorings/monthly-notice/route.ts,72,Route Handler / internal API,service_role/server secret,TABLE_OR_VIEW,monitoring_monthly_notices,select+upsert,supabaseAdmin,no
famille_shift_matching,src/app/api/lw_channel/route.ts,15,Route Handler / internal API,service_role/server secret,RPC,get_lw_channel_id,execute,supabaseAdmin,yes
famille_shift_matching,src/app/api/lineworks/quit-group/route.ts,22,Route Handler / internal API,service_role/server secret,TABLE_OR_VIEW,group_lw_channel_info,select,supabaseAdmin,yes
famille_shift_matching,src/app/api/lineworks/init-group/route.ts,62,Route Handler / internal API,service_role/server secret,TABLE_OR_VIEW,users,select,supabaseAdmin,yes
famille_shift_matching,src/app/api/lineworks/init-group/route.ts,90,Route Handler / internal API,service_role/server secret,TABLE_OR_VIEW,form_entries,select,supabaseAdmin,yes
famille_shift_matching,src/app/api/lineworks/init-group/route.ts,109,Route Handler / internal API,service_role/server secret,TABLE_OR_VIEW,user_entry_united_view,select,supabaseAdmin,yes
famille_shift_matching,src/app/api/lineworks/init-group/route.ts,122,Route Handler / internal API,service_role/server secret,TABLE_OR_VIEW,user_entry_united_view,select,supabaseAdmin,yes
famille_shift_matching,src/app/api/lineworks/init-group/route.ts,137,Route Handler / internal API,service_role/server secret,TABLE_OR_VIEW,user_entry_united_view_single,select,supabaseAdmin,yes
famille_shift_matching,src/app/api/lineworks/init-group/route.ts,164,Route Handler / internal API,service_role/server secret,TABLE_OR_VIEW,orgs,select,supabaseAdmin,yes
famille_shift_matching,src/app/api/lineworks/init-group/route.ts,172,Route Handler / internal API,service_role/server secret,TABLE_OR_VIEW,user_entry_united_view,select,supabaseAdmin,yes
famille_shift_matching,src/app/api/lineworks/init-group/route.ts,247,Route Handler / internal API,service_role/server secret,TABLE_OR_VIEW,groups_lw,select,supabaseAdmin,yes
famille_shift_matching,src/app/api/lineworks/init-group/route.ts,389,Route Handler / internal API,indirect/unknown,TABLE_OR_VIEW,orgs,select,supabase,yes
famille_shift_matching,src/app/api/lineworks/init-group/route.ts,405,Route Handler / internal API,indirect/unknown,TABLE_OR_VIEW,users,select,supabase,yes
famille_shift_matching,src/app/api/lineworks/advance-payment-status-notify/route.ts,22,Route Handler / internal API,service_role/server secret,TABLE_OR_VIEW,user_advance_payment_applications,select,supabaseAdmin,yes
famille_shift_matching,src/app/api/lineworks/advance-payment-status-notify/route.ts,64,Route Handler / internal API,service_role/server secret,TABLE_OR_VIEW,group_lw_channel_view,select,supabaseAdmin,yes
famille_shift_matching,src/app/api/lineworks/advance-payment-notify/route.ts,64,Route Handler / internal API,service_role/server secret,TABLE_OR_VIEW,group_lw_channel_view,select,supabaseAdmin,yes
famille_shift_matching,src/app/api/kaipoke-info/route.ts,8,Route Handler / internal API,service_role/server secret,TABLE_OR_VIEW,cs_kaipoke_info,select,supabaseAdmin,yes
famille_shift_matching,src/app/api/jisseki-beta/print/route.ts,131,Route Handler / internal API,service_role/server secret,TABLE_OR_VIEW,cs_kaipoke_info,select,supabaseAdmin,yes
famille_shift_matching,src/app/api/jisseki-beta/print/route.ts,142,Route Handler / internal API,service_role/server secret,TABLE_OR_VIEW,jisseki_record_sort_municipalities,select,supabaseAdmin,yes
famille_shift_matching,src/app/api/jisseki-beta/print/route.ts,154,Route Handler / internal API,service_role/server secret,TABLE_OR_VIEW,shift,select,supabaseAdmin,yes
famille_shift_matching,src/app/api/jisseki-beta/print/route.ts,195,Route Handler / internal API,service_role/server secret,TABLE_OR_VIEW,user_entry_united_view_single,select,supabaseAdmin,yes
famille_shift_matching,src/app/api/jisseki-beta/print/route.ts,211,Route Handler / internal API,service_role/server secret,TABLE_OR_VIEW,insurance_unit_amount,select,supabaseAdmin,yes
famille_shift_matching,src/app/api/jisseki/print/route.ts,125,Route Handler / internal API,service_role/server secret,TABLE_OR_VIEW,cs_kaipoke_info,select,supabaseAdmin,yes
famille_shift_matching,src/app/api/jisseki/print/route.ts,137,Route Handler / internal API,service_role/server secret,TABLE_OR_VIEW,shift,select,supabaseAdmin,yes
famille_shift_matching,src/app/api/jisseki/print/route.ts,178,Route Handler / internal API,service_role/server secret,TABLE_OR_VIEW,user_entry_united_view_single,select,supabaseAdmin,yes
famille_shift_matching,src/app/api/jisseki/print/route.ts,194,Route Handler / internal API,service_role/server secret,TABLE_OR_VIEW,insurance_unit_amount,select,supabaseAdmin,yes
famille_shift_matching,src/app/api/holiday-shifts/route.ts,11,Route Handler / internal API,service_role/server secret,TABLE_OR_VIEW,users,select,supabaseAdmin,yes
famille_shift_matching,src/app/api/holiday-shifts/route.ts,18,Route Handler / internal API,service_role/server secret,TABLE_OR_VIEW,holiday_master,select,supabaseAdmin,yes
famille_shift_matching,src/app/api/holiday-shifts/route.ts,20,Route Handler / internal API,service_role/server secret,TABLE_OR_VIEW,shift_weekly_template,select,supabaseAdmin,yes
famille_shift_matching,src/app/api/holiday-shifts/route.ts,21,Route Handler / internal API,service_role/server secret,TABLE_OR_VIEW,holiday_shift_action,select,supabaseAdmin,yes
famille_shift_matching,src/app/api/holiday-shifts/route.ts,22,Route Handler / internal API,service_role/server secret,TABLE_OR_VIEW,shift,select,supabaseAdmin,yes
famille_shift_matching,src/app/api/holiday-shifts/route.ts,23,Route Handler / internal API,service_role/server secret,TABLE_OR_VIEW,cs_kaipoke_info,select,supabaseAdmin,yes
famille_shift_matching,src/app/api/holiday-shifts/route.ts,35,Route Handler / internal API,service_role/server secret,TABLE_OR_VIEW,holiday_master,select+upsert,supabaseAdmin,yes
famille_shift_matching,src/app/api/holiday-shifts/route.ts,43,Route Handler / internal API,service_role/server secret,TABLE_OR_VIEW,shift,select+upsert,supabaseAdmin,yes
famille_shift_matching,src/app/api/holiday-shifts/route.ts,48,Route Handler / internal API,service_role/server secret,TABLE_OR_VIEW,holiday_shift_action,select+update+upsert,supabaseAdmin,yes
famille_shift_matching,src/app/api/holiday-shifts/route.ts,50,Route Handler / internal API,service_role/server secret,TABLE_OR_VIEW,alert_log,update,supabaseAdmin,yes
famille_shift_matching,src/app/api/holiday-shifts/route.ts,44,Route Handler / internal API,service_role/server secret,RPC,shifts_delete_with_context,execute,supabaseAdmin,yes
famille_shift_matching,src/app/api/google-calendar/register-calendars/route.ts,199,Route Handler / internal API,indirect/unknown,TABLE_OR_VIEW,user_entry_united_view_single,select,supabase,yes
famille_shift_matching,src/app/api/google-calendar/register-calendars/route.ts,320,Route Handler / internal API,indirect/unknown,TABLE_OR_VIEW,google_calendar_user_links,upsert,supabase,yes
famille_shift_matching,src/app/api/faximo/send/route.ts,440,Route Handler / internal API,indirect/unknown,TABLE_OR_VIEW,fax_log,insert,supabase,yes
famille_shift_matching,src/app/api/faximo/send/route.ts,531,Route Handler / internal API,indirect/unknown,TABLE_OR_VIEW,fax_log,update,supabase,yes
famille_shift_matching,src/app/api/faximo/send/route.ts,606,Route Handler / internal API,indirect/unknown,TABLE_OR_VIEW,fax_log,update,supabase,yes
famille_shift_matching,src/app/api/fax/route.ts,7,Route Handler / internal API,service_role/server secret,TABLE_OR_VIEW,fax,select+insert,supabaseAdmin,yes
famille_shift_matching,src/app/api/fax/route.ts,24,Route Handler / internal API,service_role/server secret,TABLE_OR_VIEW,fax,insert,supabaseAdmin,yes
famille_shift_matching,src/app/api/fax/[id]/route.ts,25,Route Handler / internal API,service_role/server secret,TABLE_OR_VIEW,fax,update+delete,supabaseAdmin,yes
famille_shift_matching,src/app/api/fax/[id]/route.ts,32,Route Handler / internal API,service_role/server secret,TABLE_OR_VIEW,fax,delete,supabaseAdmin,yes
famille_shift_matching,src/app/api/expense-reimbursement/csv/route.ts,32,Route Handler / internal API,service_role/server secret,TABLE_OR_VIEW,expense_reimbursements,select,supabaseAdmin,yes
famille_shift_matching,src/app/api/event-template/route.ts,33,Route Handler / internal API,service_role/server secret,TABLE_OR_VIEW,event_template,select,supabaseAdmin,yes
famille_shift_matching,src/app/api/event-template/route.ts,43,Route Handler / internal API,service_role/server secret,TABLE_OR_VIEW,event_template_required_docs,select,supabaseAdmin,yes
famille_shift_matching,src/app/api/event-template/route.ts,56,Route Handler / internal API,service_role/server secret,TABLE_OR_VIEW,user_doc_master,select,supabaseAdmin,yes
famille_shift_matching,src/app/api/event-template/route.ts,119,Route Handler / internal API,service_role/server secret,TABLE_OR_VIEW,event_template,select+insert,supabaseAdmin,yes
famille_shift_matching,src/app/api/event-template/route.ts,148,Route Handler / internal API,service_role/server secret,TABLE_OR_VIEW,event_template_required_docs,insert,supabaseAdmin,yes
famille_shift_matching,src/app/api/event-template/[id]/route.ts,41,Route Handler / internal API,service_role/server secret,TABLE_OR_VIEW,event_template,update+delete,supabaseAdmin,yes
famille_shift_matching,src/app/api/event-template/[id]/route.ts,56,Route Handler / internal API,service_role/server secret,TABLE_OR_VIEW,event_template_required_docs,insert+delete,supabaseAdmin,yes
famille_shift_matching,src/app/api/event-template/[id]/route.ts,72,Route Handler / internal API,service_role/server secret,TABLE_OR_VIEW,event_template_required_docs,insert+delete,supabaseAdmin,yes
famille_shift_matching,src/app/api/event-template/[id]/route.ts,96,Route Handler / internal API,service_role/server secret,TABLE_OR_VIEW,event_template_required_docs,update+delete,supabaseAdmin,yes
famille_shift_matching,src/app/api/event-template/[id]/route.ts,102,Route Handler / internal API,service_role/server secret,TABLE_OR_VIEW,event_template,update+delete,supabaseAdmin,yes
famille_shift_matching,src/app/api/event-template/[id]/route.ts,108,Route Handler / internal API,service_role/server secret,TABLE_OR_VIEW,event_template,update,supabaseAdmin,yes
famille_shift_matching,src/app/api/event-tasks/route.ts,109,Route Handler / internal API,service_role/server secret,TABLE_OR_VIEW,event_tasks,select,supabaseAdmin,yes
famille_shift_matching,src/app/api/event-tasks/route.ts,282,Route Handler / internal API,service_role/server secret,TABLE_OR_VIEW,event_task_required_docs,select,supabaseAdmin,yes
famille_shift_matching,src/app/api/event-tasks/route.ts,313,Route Handler / internal API,service_role/server secret,TABLE_OR_VIEW,event_template,select,supabaseAdmin,yes
famille_shift_matching,src/app/api/event-tasks/route.ts,335,Route Handler / internal API,service_role/server secret,TABLE_OR_VIEW,cs_kaipoke_info,select,supabaseAdmin,yes
famille_shift_matching,src/app/api/event-tasks/route.ts,369,Route Handler / internal API,service_role/server secret,TABLE_OR_VIEW,user_entry_united_view_single,select,supabaseAdmin,yes
famille_shift_matching,src/app/api/event-tasks/route.ts,391,Route Handler / internal API,service_role/server secret,TABLE_OR_VIEW,user_entry_united_view_single,select,supabaseAdmin,yes
famille_shift_matching,src/app/api/event-tasks/route.ts,424,Route Handler / internal API,service_role/server secret,TABLE_OR_VIEW,user_doc_master,select,supabaseAdmin,yes
famille_shift_matching,src/app/api/event-tasks/route.ts,613,Route Handler / internal API,service_role/server secret,TABLE_OR_VIEW,event_tasks,select+insert,supabaseAdmin,yes
famille_shift_matching,src/app/api/event-tasks/route.ts,633,Route Handler / internal API,service_role/server secret,TABLE_OR_VIEW,event_template_required_docs,select+insert,supabaseAdmin,yes
famille_shift_matching,src/app/api/event-tasks/route.ts,650,Route Handler / internal API,service_role/server secret,TABLE_OR_VIEW,event_task_required_docs,insert,supabaseAdmin,yes
famille_shift_matching,src/app/api/event-tasks/[id]/route.ts,59,Route Handler / internal API,service_role/server secret,TABLE_OR_VIEW,event_tasks,insert+update+delete,supabaseAdmin,yes
famille_shift_matching,src/app/api/event-tasks/[id]/route.ts,65,Route Handler / internal API,service_role/server secret,TABLE_OR_VIEW,event_task_required_docs,insert+delete,supabaseAdmin,yes
famille_shift_matching,src/app/api/event-tasks/[id]/route.ts,74,Route Handler / internal API,service_role/server secret,TABLE_OR_VIEW,event_task_required_docs,insert,supabaseAdmin,yes
famille_shift_matching,src/app/api/event-tasks/[id]/route.ts,107,Route Handler / internal API,service_role/server secret,TABLE_OR_VIEW,event_tasks,update+delete,supabaseAdmin,yes
famille_shift_matching,src/app/api/event-tasks/[id]/route.ts,112,Route Handler / internal API,service_role/server secret,TABLE_OR_VIEW,event_tasks,update,supabaseAdmin,yes
famille_shift_matching,src/app/api/event-tasks/meta/route.ts,27,Route Handler / internal API,service_role/server secret,TABLE_OR_VIEW,event_template,select,supabaseAdmin,yes
famille_shift_matching,src/app/api/event-tasks/meta/route.ts,36,Route Handler / internal API,service_role/server secret,TABLE_OR_VIEW,user_doc_master,select,supabaseAdmin,yes
famille_shift_matching,src/app/api/event-tasks/meta/route.ts,54,Route Handler / internal API,service_role/server secret,TABLE_OR_VIEW,cs_kaipoke_info,select,supabaseAdmin,yes
famille_shift_matching,src/app/api/event-tasks/meta/route.ts,68,Route Handler / internal API,service_role/server secret,TABLE_OR_VIEW,user_entry_united_view_single,select,supabaseAdmin,yes
famille_shift_matching,src/app/api/entry/submit/route.ts,18,Route Handler / internal API,service_role/server secret,RPC,submit_entry_application,execute,supabaseAdmin,yes
famille_shift_matching,src/app/api/entry/reapply/route.ts,21,Route Handler / internal API,service_role/server secret,TABLE_OR_VIEW,form_entries,select,supabaseAdmin,yes
famille_shift_matching,src/app/api/entry/reapply/route.ts,30,Route Handler / internal API,service_role/server secret,TABLE_OR_VIEW,users,select+update,supabaseAdmin,yes
famille_shift_matching,src/app/api/entry/reapply/route.ts,34,Route Handler / internal API,service_role/server secret,TABLE_OR_VIEW,form_entries,update,supabaseAdmin,yes
famille_shift_matching,src/app/api/entry/reapply/route.ts,37,Route Handler / internal API,service_role/server secret,TABLE_OR_VIEW,users,update,supabaseAdmin,yes
famille_shift_matching,src/app/api/entry/reapply/route.ts,45,Route Handler / internal API,service_role/server secret,TABLE_OR_VIEW,form_entries,insert+update,supabaseAdmin,yes
famille_shift_matching,src/app/api/entry/reapply/route.ts,46,Route Handler / internal API,service_role/server secret,TABLE_OR_VIEW,users,insert+update,supabaseAdmin,yes
famille_shift_matching,src/app/api/entry/reapply/route.ts,50,Route Handler / internal API,service_role/server secret,TABLE_OR_VIEW,staff_log,insert,supabaseAdmin,yes
famille_shift_matching,src/app/api/entry/auth/route.ts,45,Route Handler / internal API,service_role/server secret,TABLE_OR_VIEW,form_entries,select,supabaseAdmin,yes
famille_shift_matching,src/app/api/entry/auth/route.ts,48,Route Handler / internal API,service_role/server secret,TABLE_OR_VIEW,users,select+update,supabaseAdmin,yes
famille_shift_matching,src/app/api/entry/auth/route.ts,59,Route Handler / internal API,service_role/server secret,TABLE_OR_VIEW,form_entries,update,supabaseAdmin,yes
famille_shift_matching,src/app/api/entry/auth/route.ts,135,Route Handler / internal API,service_role/server secret,TABLE_OR_VIEW,form_entries,update,supabaseAdmin,yes
famille_shift_matching,src/app/api/entry/auth/route.ts,136,Route Handler / internal API,service_role/server secret,TABLE_OR_VIEW,users,update,supabaseAdmin,yes
famille_shift_matching,src/app/api/entry/auth/route.ts,184,Route Handler / internal API,service_role/server secret,TABLE_OR_VIEW,form_entries,update,supabaseAdmin,yes
famille_shift_matching,src/app/api/entry/auth/route.ts,185,Route Handler / internal API,service_role/server secret,TABLE_OR_VIEW,users,update,supabaseAdmin,yes
famille_shift_matching,src/app/api/entry/attachments/route.ts,25,Route Handler / internal API,service_role/server secret,TABLE_OR_VIEW,entry_attachments,select+insert,supabaseAdmin,yes
famille_shift_matching,src/app/api/entry/attachments/route.ts,41,Route Handler / internal API,service_role/server secret,TABLE_OR_VIEW,form_entries,select+update,supabaseAdmin,yes
famille_shift_matching,src/app/api/entry/attachments/route.ts,43,Route Handler / internal API,service_role/server secret,TABLE_OR_VIEW,entry_attachments,update,supabaseAdmin,yes
famille_shift_matching,src/app/api/entry/attachments/route.ts,48,Route Handler / internal API,service_role/server secret,TABLE_OR_VIEW,entry_attachments,update,supabaseAdmin,yes
famille_shift_matching,src/app/api/disability-check-beta/route.ts,130,Route Handler / internal API,service_role/server secret,TABLE_OR_VIEW,user_entry_united_view_single,select,supabaseAdmin,yes
famille_shift_matching,src/app/api/disability-check-beta/route.ts,145,Route Handler / internal API,service_role/server secret,TABLE_OR_VIEW,user_entry_united_view,select,supabaseAdmin,yes
famille_shift_matching,src/app/api/disability-check-beta/route.ts,174,Route Handler / internal API,service_role/server secret,TABLE_OR_VIEW,disability_check_view,select,supabaseAdmin,yes
famille_shift_matching,src/app/api/disability-check-beta/route.ts,217,Route Handler / internal API,service_role/server secret,TABLE_OR_VIEW,shift_service_code,select,supabaseAdmin,yes
famille_shift_matching,src/app/api/disability-check-beta/route.ts,243,Route Handler / internal API,service_role/server secret,TABLE_OR_VIEW,shift,select,supabaseAdmin,yes
famille_shift_matching,src/app/api/disability-check-beta/route.ts,275,Route Handler / internal API,service_role/server secret,TABLE_OR_VIEW,shift,select,supabaseAdmin,yes
famille_shift_matching,src/app/api/disability-check-beta/route.ts,324,Route Handler / internal API,service_role/server secret,TABLE_OR_VIEW,user_entry_united_view_single,select,supabaseAdmin,yes
famille_shift_matching,src/app/api/disability-check-beta/route.ts,375,Route Handler / internal API,service_role/server secret,TABLE_OR_VIEW,jisseki_record_sort_municipalities,select,supabaseAdmin,yes
famille_shift_matching,src/app/api/disability-check-beta/route.ts,383,Route Handler / internal API,service_role/server secret,TABLE_OR_VIEW,cs_kaipoke_info,select,supabaseAdmin,yes
famille_shift_matching,src/app/api/disability-check/route.ts,115,Route Handler / internal API,service_role/server secret,TABLE_OR_VIEW,user_entry_united_view_single,select,supabaseAdmin,yes
famille_shift_matching,src/app/api/disability-check/route.ts,130,Route Handler / internal API,service_role/server secret,TABLE_OR_VIEW,user_entry_united_view,select,supabaseAdmin,yes
famille_shift_matching,src/app/api/disability-check/route.ts,159,Route Handler / internal API,service_role/server secret,TABLE_OR_VIEW,disability_check_view,select,supabaseAdmin,yes
famille_shift_matching,src/app/api/disability-check/route.ts,202,Route Handler / internal API,service_role/server secret,TABLE_OR_VIEW,shift_service_code,select,supabaseAdmin,yes
famille_shift_matching,src/app/api/disability-check/route.ts,228,Route Handler / internal API,service_role/server secret,TABLE_OR_VIEW,shift,select,supabaseAdmin,yes
famille_shift_matching,src/app/api/disability-check/route.ts,260,Route Handler / internal API,service_role/server secret,TABLE_OR_VIEW,shift,select,supabaseAdmin,yes
famille_shift_matching,src/app/api/disability-check/route.ts,309,Route Handler / internal API,service_role/server secret,TABLE_OR_VIEW,user_entry_united_view_single,select,supabaseAdmin,yes
famille_shift_matching,src/app/api/disability-check/route.ts,361,Route Handler / internal API,service_role/server secret,TABLE_OR_VIEW,cs_kaipoke_info,select,supabaseAdmin,yes
famille_shift_matching,src/app/api/disability-check/update-jukyusha-nos/route.ts,37,Route Handler / internal API,service_role/server secret,TABLE_OR_VIEW,cs_kaipoke_info,select+update,supabaseAdmin,yes
famille_shift_matching,src/app/api/disability-check/update-ido-jukyusyasho/route.ts,14,Route Handler / internal API,service_role/server secret,TABLE_OR_VIEW,cs_kaipoke_info,update,supabaseAdmin,yes
famille_shift_matching,src/app/api/disability-check/update/route.ts,46,Route Handler / internal API,service_role/server secret,TABLE_OR_VIEW,user_entry_united_view_single,select,supabaseAdmin,yes
famille_shift_matching,src/app/api/disability-check/update/route.ts,60,Route Handler / internal API,service_role/server secret,TABLE_OR_VIEW,user_entry_united_view,select,supabaseAdmin,yes
famille_shift_matching,src/app/api/disability-check/update/route.ts,125,Route Handler / internal API,service_role/server secret,TABLE_OR_VIEW,disability_check,upsert,supabaseAdmin,yes
famille_shift_matching,src/app/api/disability-check/staff-options/route.ts,57,Route Handler / internal API,service_role/server secret,TABLE_OR_VIEW,user_entry_united_view_single,select,supabaseAdmin,yes
famille_shift_matching,src/app/api/disability-check/staff-options/route.ts,68,Route Handler / internal API,service_role/server secret,TABLE_OR_VIEW,user_entry_united_view,select,supabaseAdmin,yes
famille_shift_matching,src/app/api/disability-check/staff-options/route.ts,100,Route Handler / internal API,service_role/server secret,TABLE_OR_VIEW,user_entry_united_view_single,select,supabaseAdmin,yes
famille_shift_matching,src/app/api/disability-check/staff-options/route.ts,172,Route Handler / internal API,service_role/server secret,TABLE_OR_VIEW,disability_check,select+upsert,supabaseAdmin,yes
famille_shift_matching,src/app/api/disability-check/staff-options/route.ts,187,Route Handler / internal API,service_role/server secret,TABLE_OR_VIEW,disability_check,select,supabaseAdmin,yes
famille_shift_matching,src/app/api/disability-check/staff-options/route.ts,198,Route Handler / internal API,service_role/server secret,TABLE_OR_VIEW,disability_check_view,select,supabaseAdmin,yes
famille_shift_matching,src/app/api/dialogflow/webhook/route.ts,943,Webhook,service_role/server secret,TABLE_OR_VIEW,group_lw_channel_view,select,supabaseAdmin,yes
famille_shift_matching,src/app/api/dialogflow/webhook/route.ts,953,Webhook,service_role/server secret,TABLE_OR_VIEW,cs_kaipoke_info,select,supabaseAdmin,yes
famille_shift_matching,src/app/api/dialogflow/webhook/route.ts,979,Webhook,service_role/server secret,TABLE_OR_VIEW,user_entry_united_view_single,select,supabaseAdmin,yes
famille_shift_matching,src/app/api/dialogflow/webhook/route.ts,1001,Webhook,service_role/server secret,TABLE_OR_VIEW,user_entry_united_view_single,select,supabaseAdmin,yes
famille_shift_matching,src/app/api/dialogflow/webhook/route.ts,1097,Webhook,service_role/server secret,TABLE_OR_VIEW,msg_lw_log,select,supabaseAdmin,yes
famille_shift_matching,src/app/api/dialogflow/webhook/route.ts,1135,Webhook,service_role/server secret,TABLE_OR_VIEW,user_entry_united_view_single,select,supabaseAdmin,yes
famille_shift_matching,src/app/api/dialogflow/webhook/route.ts,1146,Webhook,service_role/server secret,TABLE_OR_VIEW,dialogflow_pending_shift_requests,select,supabaseAdmin,yes
famille_shift_matching,src/app/api/dialogflow/webhook/route.ts,1183,Webhook,service_role/server secret,TABLE_OR_VIEW,dialogflow_pending_shift_requests,select+update+upsert,supabaseAdmin,yes
famille_shift_matching,src/app/api/dialogflow/webhook/route.ts,1203,Webhook,service_role/server secret,TABLE_OR_VIEW,dialogflow_pending_shift_requests,select+update,supabaseAdmin,yes
famille_shift_matching,src/app/api/dialogflow/webhook/route.ts,1240,Webhook,service_role/server secret,TABLE_OR_VIEW,shift,select,supabaseAdmin,yes
famille_shift_matching,src/app/api/dialogflow/webhook/route.ts,1257,Webhook,service_role/server secret,TABLE_OR_VIEW,shift,select,supabaseAdmin,yes
famille_shift_matching,src/app/api/dialogflow/webhook/route.ts,1272,Webhook,service_role/server secret,TABLE_OR_VIEW,shift_service_code,select,supabaseAdmin,yes
famille_shift_matching,src/app/api/dialogflow/webhook/route.ts,1289,Webhook,service_role/server secret,TABLE_OR_VIEW,shift,select,supabaseAdmin,yes
famille_shift_matching,src/app/api/dialogflow/webhook/route.ts,1299,Webhook,service_role/server secret,TABLE_OR_VIEW,shift,select,supabaseAdmin,yes
famille_shift_matching,src/app/api/dialogflow/webhook/route.ts,1317,Webhook,service_role/server secret,TABLE_OR_VIEW,shift,select,supabaseAdmin,yes
famille_shift_matching,src/app/api/dialogflow/webhook/route.ts,1346,Webhook,service_role/server secret,TABLE_OR_VIEW,shift,select,supabaseAdmin,yes
famille_shift_matching,src/app/api/dialogflow/webhook/route.ts,1376,Webhook,service_role/server secret,TABLE_OR_VIEW,shift_service_code,select,supabaseAdmin,yes
famille_shift_matching,src/app/api/dialogflow/webhook/route.ts,1532,Webhook,service_role/server secret,TABLE_OR_VIEW,shift,select,supabaseAdmin,yes
famille_shift_matching,src/app/api/dialogflow/webhook/route.ts,2931,Webhook,service_role/server secret,TABLE_OR_VIEW,shift,select+insert,supabaseAdmin,yes
famille_shift_matching,src/app/api/dialogflow/webhook/route.ts,2975,Webhook,service_role/server secret,TABLE_OR_VIEW,shift,update+delete,supabaseAdmin,yes
famille_shift_matching,src/app/api/dialogflow/webhook/route.ts,2998,Webhook,service_role/server secret,TABLE_OR_VIEW,shift,delete,supabaseAdmin,yes
famille_shift_matching,src/app/api/dialogflow/webhook/route.ts,3051,Webhook,service_role/server secret,TABLE_OR_VIEW,shift,update,supabaseAdmin,yes
famille_shift_matching,src/app/api/delete-auth-user/route.ts,16,Route Handler / internal API,service_role/server secret,TABLE_OR_VIEW,form_entries,select,supabaseAdmin,yes
famille_shift_matching,src/app/api/delete-auth-user/route.ts,25,Route Handler / internal API,service_role/server secret,TABLE_OR_VIEW,users,select,supabaseAdmin,yes
famille_shift_matching,src/app/api/delete-auth-user/route.ts,54,Route Handler / internal API,service_role/server secret,TABLE_OR_VIEW,form_entries,update,supabaseAdmin,yes
famille_shift_matching,src/app/api/delete-auth-user/route.ts,55,Route Handler / internal API,service_role/server secret,TABLE_OR_VIEW,users,update,supabaseAdmin,yes
famille_shift_matching,src/app/api/defect-sum/route.ts,49,Route Handler / internal API,service_role/server secret,TABLE_OR_VIEW,users,select,supabaseAdmin,yes
famille_shift_matching,src/app/api/defect-sum/route.ts,60,Route Handler / internal API,service_role/server secret,TABLE_OR_VIEW,users,select,supabaseAdmin,yes
famille_shift_matching,src/app/api/defect-sum/route.ts,80,Route Handler / internal API,service_role/server secret,RPC,snapshot_biz_stats_defect_sum,execute,supabaseAdmin,yes
famille_shift_matching,src/app/api/cs-docs/sync-from-documents/route.ts,79,Route Handler / internal API,service_role/server secret,TABLE_OR_VIEW,cs_kaipoke_info,select,supabaseAdmin,yes
famille_shift_matching,src/app/api/cs-docs/sync-from-documents/route.ts,97,Route Handler / internal API,service_role/server secret,TABLE_OR_VIEW,cs_docs,select,supabaseAdmin,yes
famille_shift_matching,src/app/api/cs-docs/sync-from-documents/route.ts,141,Route Handler / internal API,service_role/server secret,TABLE_OR_VIEW,cs_docs,select+update+upsert,supabaseAdmin,yes
famille_shift_matching,src/app/api/cs-docs/sync-from-documents/route.ts,149,Route Handler / internal API,service_role/server secret,TABLE_OR_VIEW,cs_docs,select+update,supabaseAdmin,yes
famille_shift_matching,src/app/api/cs-docs/sync-from-documents/route.ts,161,Route Handler / internal API,service_role/server secret,TABLE_OR_VIEW,cs_docs,update,supabaseAdmin,yes
famille_shift_matching,src/app/api/cron/visit-record-daily-reminder/route.ts,44,Cron,service_role/server secret,TABLE_OR_VIEW,visit_record_daily_reminder_logs,select+update+upsert,supabaseAdmin,yes
famille_shift_matching,src/app/api/cron/visit-record-daily-reminder/route.ts,59,Cron,service_role/server secret,TABLE_OR_VIEW,visit_record_daily_reminder_logs,update,supabaseAdmin,yes
famille_shift_matching,src/app/api/cron/training-goal-reminder/route.ts,77,Cron,service_role/server secret,TABLE_OR_VIEW,employee_training_goals,select,supabaseAdmin,yes
famille_shift_matching,src/app/api/cron/training-goal-reminder/route.ts,94,Cron,service_role/server secret,TABLE_OR_VIEW,user_entry_united_view_single,select,supabaseAdmin,yes
famille_shift_matching,src/app/api/cron/staff-monthly-stats/route.ts,19,Cron,service_role/server secret,RPC,rebuild_staff_monthly_stats,execute,supabaseAdmin,yes
famille_shift_matching,src/app/api/cron/staff-monthly-score-summaries/route.ts,208,Cron,service_role/server secret,TABLE_OR_VIEW,audit_log,select,supabaseAdmin,yes
famille_shift_matching,src/app/api/cron/staff-monthly-score-summaries/route.ts,232,Cron,service_role/server secret,TABLE_OR_VIEW,users,select,supabaseAdmin,yes
famille_shift_matching,src/app/api/cron/staff-monthly-score-summaries/route.ts,304,Cron,service_role/server secret,TABLE_OR_VIEW,shift_shift_record_view,select,supabaseAdmin,yes
famille_shift_matching,src/app/api/cron/staff-monthly-score-summaries/route.ts,485,Cron,service_role/server secret,TABLE_OR_VIEW,staff_monthly_score_summaries,select,supabaseAdmin,yes
famille_shift_matching,src/app/api/cron/staff-monthly-score-summaries/route.ts,506,Cron,service_role/server secret,TABLE_OR_VIEW,staff_monthly_score_summaries,select,supabaseAdmin,yes
famille_shift_matching,src/app/api/cron/staff-monthly-score-summaries/route.ts,551,Cron,service_role/server secret,TABLE_OR_VIEW,staff_monthly_score_summaries,select+upsert,supabaseAdmin,yes
famille_shift_matching,src/app/api/cron/staff-monthly-score-summaries/route.ts,561,Cron,service_role/server secret,TABLE_OR_VIEW,staff_monthly_score_summaries,select,supabaseAdmin,yes
famille_shift_matching,src/app/api/cron/staff-monthly-score-summaries/route.ts,578,Cron,service_role/server secret,TABLE_OR_VIEW,user_entry_united_view_single,select,supabaseAdmin,yes
famille_shift_matching,src/app/api/cron/staff-monthly-score-summaries/route.ts,651,Cron,service_role/server secret,TABLE_OR_VIEW,staff_monthly_score_summaries,select+upsert,supabaseAdmin,yes
famille_shift_matching,src/app/api/cron/staff-monthly-score-summaries/route.ts,661,Cron,service_role/server secret,TABLE_OR_VIEW,staff_monthly_score_summaries,select,supabaseAdmin,yes
famille_shift_matching,src/app/api/cron/staff-monthly-score-summaries/route.ts,710,Cron,service_role/server secret,TABLE_OR_VIEW,wf_request_type,select,supabaseAdmin,yes
famille_shift_matching,src/app/api/cron/staff-monthly-score-summaries/route.ts,722,Cron,service_role/server secret,TABLE_OR_VIEW,wf_request,select,supabaseAdmin,yes
famille_shift_matching,src/app/api/cron/staff-monthly-score-summaries/route.ts,737,Cron,service_role/server secret,TABLE_OR_VIEW,wf_request_attachment,select,supabaseAdmin,yes
famille_shift_matching,src/app/api/cron/staff-monthly-score-summaries/route.ts,766,Cron,service_role/server secret,TABLE_OR_VIEW,employee_training_goals,select,supabaseAdmin,yes
famille_shift_matching,src/app/api/cron/staff-monthly-score-summaries/route.ts,852,Cron,service_role/server secret,TABLE_OR_VIEW,user_entry_united_view_single,select,supabaseAdmin,yes
famille_shift_matching,src/app/api/cron/staff-monthly-score-summaries/route.ts,893,Cron,service_role/server secret,TABLE_OR_VIEW,staff_log,select,supabaseAdmin,yes
famille_shift_matching,src/app/api/cron/staff-monthly-score-summaries/route.ts,915,Cron,service_role/server secret,TABLE_OR_VIEW,staff_log,insert,supabaseAdmin,yes
famille_shift_matching,src/app/api/cron/staff-monthly-score-summaries/route.ts,973,Cron,service_role/server secret,TABLE_OR_VIEW,staff_log,select,supabaseAdmin,yes
famille_shift_matching,src/app/api/cron/staff-monthly-score-summaries/route.ts,1018,Cron,service_role/server secret,TABLE_OR_VIEW,orgs,select,supabaseAdmin,yes
famille_shift_matching,src/app/api/cron/staff-monthly-score-summaries/route.ts,1041,Cron,service_role/server secret,TABLE_OR_VIEW,biz_stats_shift_sum_display_view,select,supabaseAdmin,yes
famille_shift_matching,src/app/api/cron/staff-monthly-score-summaries/route.ts,1153,Cron,service_role/server secret,TABLE_OR_VIEW,monthly_meeting_attendance,select,supabaseAdmin,yes
famille_shift_matching,src/app/api/cron/staff-monthly-score-summaries/route.ts,1172,Cron,service_role/server secret,TABLE_OR_VIEW,disability_check_view,select,supabaseAdmin,yes
famille_shift_matching,src/app/api/cron/staff-monthly-score-summaries/route.ts,1448,Cron,service_role/server secret,TABLE_OR_VIEW,team_monthly_score_summaries,upsert,supabaseAdmin,yes
famille_shift_matching,src/app/api/cron/staff-monthly-score-summaries/route.ts,1588,Cron,service_role/server secret,TABLE_OR_VIEW,staff_monthly_score_summaries,upsert,supabaseAdmin,yes
famille_shift_matching,src/app/api/cron/staff-monthly-score-summaries/route.ts,882,Cron,indirect/unknown,RPC,record_visit_record_deadline_miss,execute,recorder,no
famille_shift_matching,src/app/api/cron/spot-offer-auto-request/route.ts,111,Cron,service_role/server secret,TABLE_OR_VIEW,shift_shift_record_view2,select,supabaseAdmin,yes
famille_shift_matching,src/app/api/cron/spot-offer-auto-request/route.ts,158,Cron,service_role/server secret,TABLE_OR_VIEW,user_entry_united_view_single,select,supabaseAdmin,yes
famille_shift_matching,src/app/api/cron/spot-offer-auto-request/route.ts,178,Cron,service_role/server secret,TABLE_OR_VIEW,spot_offer_request_table,select,supabaseAdmin,yes
famille_shift_matching,src/app/api/cron/spot-offer-auto-request/route.ts,198,Cron,service_role/server secret,TABLE_OR_VIEW,spot_offer_template_unified,select,supabaseAdmin,yes
famille_shift_matching,src/app/api/cron/spot-offer-auto-request/route.ts,221,Cron,service_role/server secret,TABLE_OR_VIEW,cs_kaipoke_info,select,supabaseAdmin,yes
famille_shift_matching,src/app/api/cron/spot-offer-auto-request/route.ts,343,Cron,service_role/server secret,TABLE_OR_VIEW,spot_offer_request_table,insert+upsert,supabaseAdmin,yes
famille_shift_matching,src/app/api/cron/spot-offer-auto-request/route.ts,351,Cron,service_role/server secret,TABLE_OR_VIEW,rpa_command_requests,insert,supabaseAdmin,yes
famille_shift_matching,src/app/api/cron/open-unqualified-taimee-jobs/route.ts,39,Cron,service_role/server secret,TABLE_OR_VIEW,taimee_job_settings,select,supabaseAdmin,yes
famille_shift_matching,src/app/api/cron/open-unqualified-taimee-jobs/route.ts,224,Cron,service_role/server secret,TABLE_OR_VIEW,rpa_command_requests,select,supabaseAdmin,yes
famille_shift_matching,src/app/api/cron/open-unqualified-taimee-jobs/route.ts,291,Cron,service_role/server secret,TABLE_OR_VIEW,rpa_command_requests,select+insert,supabaseAdmin,yes
famille_shift_matching,src/app/api/cron/open-unqualified-manager-jobs/route.ts,32,Cron,service_role/server secret,TABLE_OR_VIEW,taimee_job_settings,select,supabaseAdmin,yes
famille_shift_matching,src/app/api/cron/open-unqualified-manager-jobs/route.ts,254,Cron,service_role/server secret,TABLE_OR_VIEW,rpa_command_requests,select,supabaseAdmin,yes
famille_shift_matching,src/app/api/cron/open-unqualified-manager-jobs/route.ts,320,Cron,service_role/server secret,TABLE_OR_VIEW,rpa_command_requests,select+insert,supabaseAdmin,yes
famille_shift_matching,src/app/api/cron/open-taimee-jobs/route.ts,262,Cron,service_role/server secret,TABLE_OR_VIEW,taimee_job_schedules,select,supabaseAdmin,yes
famille_shift_matching,src/app/api/cron/open-taimee-jobs/route.ts,364,Cron,service_role/server secret,TABLE_OR_VIEW,rpa_command_requests,select,supabaseAdmin,yes
famille_shift_matching,src/app/api/cron/open-taimee-jobs/route.ts,470,Cron,service_role/server secret,TABLE_OR_VIEW,rpa_command_requests,select+insert,supabaseAdmin,yes
famille_shift_matching,src/app/api/cron/open-saseki-jobs/route.ts,49,Cron,service_role/server secret,TABLE_OR_VIEW,spot_offer_template_unified,select,supabaseAdmin,yes
famille_shift_matching,src/app/api/cron/open-saseki-jobs/route.ts,60,Cron,service_role/server secret,TABLE_OR_VIEW,rpa_job_presets,select,supabaseAdmin,yes
famille_shift_matching,src/app/api/cron/open-saseki-jobs/route.ts,68,Cron,service_role/server secret,TABLE_OR_VIEW,rpa_command_requests,select,supabaseAdmin,yes
famille_shift_matching,src/app/api/cron/open-saseki-jobs/route.ts,93,Cron,service_role/server secret,TABLE_OR_VIEW,rpa_command_requests,select+insert,supabaseAdmin,yes
famille_shift_matching,src/app/api/cron/kaipoke_user_auto_add/route.ts,76,Cron,indirect/unknown,TABLE_OR_VIEW,users,select,supabase,yes
famille_shift_matching,src/app/api/cron/kaipoke_user_auto_add/route.ts,122,Cron,indirect/unknown,TABLE_OR_VIEW,user_entry_united_view_single,select,supabase,yes
famille_shift_matching,src/app/api/cron/kaipoke_user_auto_add/route.ts,182,Cron,indirect/unknown,TABLE_OR_VIEW,rpa_command_requests,select,supabase,yes
famille_shift_matching,src/app/api/cron/health-check-reminder/route.ts,51,Cron,service_role/server secret,TABLE_OR_VIEW,wf_request_type,select,supabaseAdmin,yes
famille_shift_matching,src/app/api/cron/health-check-reminder/route.ts,60,Cron,service_role/server secret,TABLE_OR_VIEW,wf_request,select,supabaseAdmin,yes
famille_shift_matching,src/app/api/cron/health-check-reminder/route.ts,75,Cron,service_role/server secret,TABLE_OR_VIEW,user_entry_united_view_single,select,supabaseAdmin,yes
famille_shift_matching,src/app/api/cron/google-maps-distance/route.ts,16,Cron,service_role/server secret,TABLE_OR_VIEW,users,select,supabaseAdmin,yes
famille_shift_matching,src/app/api/cron/google-calendar-sync/route.ts,266,Cron,indirect/unknown,TABLE_OR_VIEW,users,select,supabase,yes
famille_shift_matching,src/app/api/cron/google-calendar-sync/route.ts,355,Cron,indirect/unknown,TABLE_OR_VIEW,google_calendar_events,select+upsert,supabase,yes
famille_shift_matching,src/app/api/cron/google-calendar-sync/route.ts,377,Cron,indirect/unknown,TABLE_OR_VIEW,google_calendar_events,select,supabase,yes
famille_shift_matching,src/app/api/cron/google-calendar-sync/route.ts,409,Cron,indirect/unknown,TABLE_OR_VIEW,google_calendar_events,update,supabase,yes
famille_shift_matching,src/app/api/cron/google-calendar-sync/route.ts,431,Cron,indirect/unknown,TABLE_OR_VIEW,users,update,supabase,yes
famille_shift_matching,src/app/api/cron/entry-attachment-reconcile/route.ts,11,Cron,service_role/server secret,TABLE_OR_VIEW,entry_attachments,select+update,supabaseAdmin,yes
famille_shift_matching,src/app/api/cron/entry-attachment-reconcile/route.ts,15,Cron,service_role/server secret,TABLE_OR_VIEW,form_entries,select+update,supabaseAdmin,yes
famille_shift_matching,src/app/api/cron/entry-attachment-reconcile/route.ts,17,Cron,service_role/server secret,TABLE_OR_VIEW,entry_attachments,update,supabaseAdmin,yes
famille_shift_matching,src/app/api/cron/entry-attachment-reconcile/route.ts,32,Cron,service_role/server secret,TABLE_OR_VIEW,entry_attachments,select+insert,supabaseAdmin,yes
famille_shift_matching,src/app/api/cron/entry-attachment-reconcile/route.ts,34,Cron,service_role/server secret,TABLE_OR_VIEW,form_entries,select+insert,supabaseAdmin,yes
famille_shift_matching,src/app/api/cron/entry-attachment-reconcile/route.ts,36,Cron,service_role/server secret,TABLE_OR_VIEW,entry_attachments,insert,supabaseAdmin,yes
famille_shift_matching,src/app/api/cron/dispatch-rpa-from-digisign-request/route.ts,49,Cron,indirect/unknown,TABLE_OR_VIEW,msg_lw_log,select,supabase,yes
famille_shift_matching,src/app/api/cron/analyzeAndAlert/route.ts,28,Cron,service_role/server secret,TABLE_OR_VIEW,msg_lw_log,select,supabase,yes
famille_shift_matching,src/app/api/cron/alert-reset-system-open/route.ts,24,Cron,service_role/server secret,TABLE_OR_VIEW,alert_log,select,supabaseAdmin,yes
famille_shift_matching,src/app/api/cron/alert-reset-system-open/route.ts,48,Cron,service_role/server secret,TABLE_OR_VIEW,alert_log,select,supabaseAdmin,yes
famille_shift_matching,src/app/api/cron/alert-reset-system-open/route.ts,74,Cron,service_role/server secret,TABLE_OR_VIEW,alert_log,update,supabaseAdmin,yes
famille_shift_matching,src/app/api/cron/alert-reset-shift-trans-info/route.ts,23,Cron,service_role/server secret,TABLE_OR_VIEW,alert_log,select,supabaseAdmin,yes
famille_shift_matching,src/app/api/cron/alert-reset-shift-trans-info/route.ts,47,Cron,service_role/server secret,TABLE_OR_VIEW,alert_log,select,supabaseAdmin,yes
famille_shift_matching,src/app/api/cron/alert-reset-shift-trans-info/route.ts,73,Cron,service_role/server secret,TABLE_OR_VIEW,alert_log,update,supabaseAdmin,yes
famille_shift_matching,src/app/api/cron/alert-reset-shift-record-unfinished/route.ts,23,Cron,service_role/server secret,TABLE_OR_VIEW,alert_log,select,supabaseAdmin,yes
famille_shift_matching,src/app/api/cron/alert-reset-shift-record-unfinished/route.ts,47,Cron,service_role/server secret,TABLE_OR_VIEW,alert_log,select,supabaseAdmin,yes
famille_shift_matching,src/app/api/cron/alert-reset-shift-record-unfinished/route.ts,73,Cron,service_role/server secret,TABLE_OR_VIEW,alert_log,update,supabaseAdmin,yes
famille_shift_matching,src/app/api/cron/alert-reset-shift-cert/route.ts,23,Cron,service_role/server secret,TABLE_OR_VIEW,alert_log,select,supabaseAdmin,yes
famille_shift_matching,src/app/api/cron/alert-reset-shift-cert/route.ts,47,Cron,service_role/server secret,TABLE_OR_VIEW,alert_log,select,supabaseAdmin,yes
famille_shift_matching,src/app/api/cron/alert-reset-shift-cert/route.ts,73,Cron,service_role/server secret,TABLE_OR_VIEW,alert_log,update,supabaseAdmin,yes
famille_shift_matching,src/app/api/cron/alert-reset-resigner-shift/route.ts,23,Cron,service_role/server secret,TABLE_OR_VIEW,alert_log,select,supabaseAdmin,yes
famille_shift_matching,src/app/api/cron/alert-reset-resigner-shift/route.ts,47,Cron,service_role/server secret,TABLE_OR_VIEW,alert_log,select,supabaseAdmin,yes
famille_shift_matching,src/app/api/cron/alert-reset-resigner-shift/route.ts,73,Cron,service_role/server secret,TABLE_OR_VIEW,alert_log,update,supabaseAdmin,yes
famille_shift_matching,src/app/api/cron/alert-reset-monthly-meeting-unchecked/route.ts,23,Cron,service_role/server secret,TABLE_OR_VIEW,alert_log,select+update,supabaseAdmin,yes
famille_shift_matching,src/app/api/cron/alert-reset-monthly-meeting-unchecked/route.ts,39,Cron,service_role/server secret,TABLE_OR_VIEW,alert_log,update,supabaseAdmin,yes
famille_shift_matching,src/app/api/cron/alert-reset-lw-user-group-missing/route.ts,23,Cron,service_role/server secret,TABLE_OR_VIEW,alert_log,select,supabaseAdmin,yes
famille_shift_matching,src/app/api/cron/alert-reset-lw-user-group-missing/route.ts,47,Cron,service_role/server secret,TABLE_OR_VIEW,alert_log,select,supabaseAdmin,yes
famille_shift_matching,src/app/api/cron/alert-reset-lw-user-group-missing/route.ts,73,Cron,service_role/server secret,TABLE_OR_VIEW,alert_log,update,supabaseAdmin,yes
famille_shift_matching,src/app/api/cron/alert-reset-lw-aichan-bot/route.ts,23,Cron,service_role/server secret,TABLE_OR_VIEW,alert_log,select,supabaseAdmin,yes
famille_shift_matching,src/app/api/cron/alert-reset-lw-aichan-bot/route.ts,47,Cron,service_role/server secret,TABLE_OR_VIEW,alert_log,select,supabaseAdmin,yes
famille_shift_matching,src/app/api/cron/alert-reset-lw-aichan-bot/route.ts,73,Cron,service_role/server secret,TABLE_OR_VIEW,alert_log,update,supabaseAdmin,yes
famille_shift_matching,src/app/api/cron/alert-reset-kodoengo-plan-link/route.ts,23,Cron,service_role/server secret,TABLE_OR_VIEW,alert_log,select,supabaseAdmin,yes
famille_shift_matching,src/app/api/cron/alert-reset-kodoengo-plan-link/route.ts,47,Cron,service_role/server secret,TABLE_OR_VIEW,alert_log,select,supabaseAdmin,yes
famille_shift_matching,src/app/api/cron/alert-reset-kodoengo-plan-link/route.ts,73,Cron,service_role/server secret,TABLE_OR_VIEW,alert_log,update,supabaseAdmin,yes
famille_shift_matching,src/app/api/cron/alert-reset-kaipoke-parking-place/route.ts,23,Cron,service_role/server secret,TABLE_OR_VIEW,alert_log,select,supabaseAdmin,yes
famille_shift_matching,src/app/api/cron/alert-reset-kaipoke-parking-place/route.ts,47,Cron,service_role/server secret,TABLE_OR_VIEW,alert_log,select,supabaseAdmin,yes
famille_shift_matching,src/app/api/cron/alert-reset-kaipoke-parking-place/route.ts,69,Cron,service_role/server secret,TABLE_OR_VIEW,alert_log,delete,supabaseAdmin,yes
famille_shift_matching,src/app/api/cron/alert-reset-kaipoke-parking-place/route.ts,92,Cron,service_role/server secret,TABLE_OR_VIEW,alert_log,update,supabaseAdmin,yes
famille_shift_matching,src/app/api/cron/alert-reset-kaipoke-cs-fax/route.ts,23,Cron,service_role/server secret,TABLE_OR_VIEW,alert_log,select,supabaseAdmin,yes
famille_shift_matching,src/app/api/cron/alert-reset-kaipoke-cs-fax/route.ts,47,Cron,service_role/server secret,TABLE_OR_VIEW,alert_log,select,supabaseAdmin,yes
famille_shift_matching,src/app/api/cron/alert-reset-kaipoke-cs-fax/route.ts,73,Cron,service_role/server secret,TABLE_OR_VIEW,alert_log,update,supabaseAdmin,yes
famille_shift_matching,src/app/api/cron/alert-reset-event-task/route.ts,23,Cron,service_role/server secret,TABLE_OR_VIEW,alert_log,select,supabaseAdmin,yes
famille_shift_matching,src/app/api/cron/alert-reset-event-task/route.ts,47,Cron,service_role/server secret,TABLE_OR_VIEW,alert_log,select,supabaseAdmin,yes
famille_shift_matching,src/app/api/cron/alert-reset-event-task/route.ts,73,Cron,service_role/server secret,TABLE_OR_VIEW,alert_log,update,supabaseAdmin,yes
famille_shift_matching,src/app/api/cron/alert-reset-disability-check-collected/route.ts,14,Cron,service_role/server secret,TABLE_OR_VIEW,alert_log,select+update,supabaseAdmin,yes
famille_shift_matching,src/app/api/cron/alert-reset-disability-check-collected/route.ts,23,Cron,service_role/server secret,TABLE_OR_VIEW,alert_log,update,supabaseAdmin,yes
famille_shift_matching,src/app/api/cron/alert-reset-cs-contract-plan/route.ts,23,Cron,service_role/server secret,TABLE_OR_VIEW,alert_log,select,supabaseAdmin,yes
famille_shift_matching,src/app/api/cron/alert-reset-cs-contract-plan/route.ts,47,Cron,service_role/server secret,TABLE_OR_VIEW,alert_log,select,supabaseAdmin,yes
famille_shift_matching,src/app/api/cron/alert-reset-cs-contract-plan/route.ts,73,Cron,service_role/server secret,TABLE_OR_VIEW,alert_log,update,supabaseAdmin,yes
famille_shift_matching,src/app/api/cron/alert-check-excuse/route.ts,119,Cron,service_role/server secret,TABLE_OR_VIEW,alert_log,select+update,supabaseAdmin,yes
famille_shift_matching,src/app/api/cron/alert-check-excuse/route.ts,130,Cron,service_role/server secret,TABLE_OR_VIEW,alert_log,select+update,supabaseAdmin,yes
famille_shift_matching,src/app/api/cron/alert-check-excuse/route.ts,148,Cron,service_role/server secret,TABLE_OR_VIEW,alert_log,select,supabaseAdmin,yes
famille_shift_matching,src/app/api/cron/alert-check-excuse/route.ts,102,Cron,service_role/server secret,RPC,cron_alert_dedupe_and_recalc,execute,supabaseAdmin,yes
famille_shift_matching,src/app/api/cm/rpa/logs/route.ts,158,Route Handler / internal API,service_role/server secret,TABLE_OR_VIEW,cm_rpa_logs,select,supabaseAdmin,yes
famille_shift_matching,src/app/api/cm/rpa/logs/route.ts,264,Route Handler / internal API,service_role/server secret,TABLE_OR_VIEW,cm_rpa_logs,insert,supabaseAdmin,yes
famille_shift_matching,src/app/api/cm/rpa/kaipoke/staff-info/route.ts,111,Route Handler / internal API,service_role/server secret,TABLE_OR_VIEW,users,select+update,supabaseAdmin,yes
famille_shift_matching,src/app/api/cm/rpa/kaipoke/staff-info/route.ts,96,Route Handler / internal API,service_role/server secret,RPC,set_audit_context,execute,supabaseAdmin,yes
famille_shift_matching,src/app/api/cm/rpa/kaipoke/service-usage/route.ts,189,Route Handler / internal API,service_role/server secret,TABLE_OR_VIEW,cm_kaipoke_service_usage,upsert,supabaseAdmin,yes
famille_shift_matching,src/app/api/cm/rpa/kaipoke/service-usage/route.ts,173,Route Handler / internal API,service_role/server secret,RPC,set_audit_context,execute,supabaseAdmin,yes
famille_shift_matching,src/app/api/cm/rpa/kaipoke/other-office/route.ts,146,Route Handler / internal API,service_role/server secret,TABLE_OR_VIEW,cm_kaipoke_other_office,upsert,supabaseAdmin,yes
famille_shift_matching,src/app/api/cm/rpa/kaipoke/other-office/route.ts,113,Route Handler / internal API,service_role/server secret,RPC,set_audit_context,execute,supabaseAdmin,yes
famille_shift_matching,src/app/api/cm/rpa/kaipoke/client-info/route.ts,240,Route Handler / internal API,service_role/server secret,RPC,set_audit_context,execute,supabaseAdmin,yes
famille_shift_matching,src/app/api/cm/rpa/jobs/[id]/items/route.ts,152,Route Handler / internal API,service_role/server secret,TABLE_OR_VIEW,cm_jobs,select,supabaseAdmin,yes
famille_shift_matching,src/app/api/cm/rpa/jobs/[id]/items/route.ts,185,Route Handler / internal API,service_role/server secret,TABLE_OR_VIEW,cm_job_items,upsert,supabaseAdmin,yes
famille_shift_matching,src/app/api/cm/rpa/jobs/next/route.ts,40,Route Handler / internal API,service_role/server secret,RPC,get_next_job,execute,supabaseAdmin,yes
famille_shift_matching,src/app/api/cm/rpa/credentials/route.ts,62,Route Handler / internal API,service_role/server secret,TABLE_OR_VIEW,cm_rpa_credentials,select,supabaseAdmin,yes
famille_shift_matching,src/app/api/cm/plaud/transcriptions/update/route.ts,150,Route Handler / internal API,service_role/server secret,TABLE_OR_VIEW,cm_plaud_mgmt_transcriptions,select,supabaseAdmin,yes
famille_shift_matching,src/app/api/cm/plaud/transcriptions/update/route.ts,180,Route Handler / internal API,service_role/server secret,TABLE_OR_VIEW,cm_plaud_mgmt_transcriptions,update,supabaseAdmin,yes
famille_shift_matching,src/app/api/cm/plaud/transcriptions/update/route.ts,215,Route Handler / internal API,service_role/server secret,TABLE_OR_VIEW,cm_plaud_mgmt_transcriptions,update,supabaseAdmin,yes
famille_shift_matching,src/app/api/cm/plaud/transcriptions/register/route.ts,143,Route Handler / internal API,service_role/server secret,TABLE_OR_VIEW,cm_plaud_mgmt_transcriptions,select,supabaseAdmin,yes
famille_shift_matching,src/app/api/cm/plaud/transcriptions/register/route.ts,174,Route Handler / internal API,service_role/server secret,TABLE_OR_VIEW,cm_plaud_mgmt_transcriptions,select+insert,supabaseAdmin,yes
famille_shift_matching,src/app/api/cm/plaud/transcriptions/register/route.ts,190,Route Handler / internal API,service_role/server secret,TABLE_OR_VIEW,cm_plaud_mgmt_transcriptions,select,supabaseAdmin,yes
famille_shift_matching,src/app/api/cm/plaud/transcriptions/approved/route.ts,80,Route Handler / internal API,service_role/server secret,TABLE_OR_VIEW,cm_plaud_mgmt_transcriptions,select,supabaseAdmin,yes
famille_shift_matching,src/app/api/cm/fax/route.ts,55,Route Handler / internal API,service_role/server secret,TABLE_OR_VIEW,users,select,supabaseAdmin,yes
famille_shift_matching,src/app/api/cm/fax/route.ts,70,Route Handler / internal API,service_role/server secret,TABLE_OR_VIEW,cm_kaipoke_support_office,select,supabaseAdmin,yes
famille_shift_matching,src/app/api/cm/fax/route.ts,79,Route Handler / internal API,service_role/server secret,TABLE_OR_VIEW,cm_kaipoke_service_usage,select,supabaseAdmin,yes
famille_shift_matching,src/app/api/cm/fax/route.ts,89,Route Handler / internal API,service_role/server secret,TABLE_OR_VIEW,cm_kaipoke_other_office,select,supabaseAdmin,yes
famille_shift_matching,src/app/api/cm/fax/route.ts,123,Route Handler / internal API,service_role/server secret,TABLE_OR_VIEW,cm_fax_received,select,supabaseAdmin,yes
famille_shift_matching,src/app/api/cm/fax/route.ts,165,Route Handler / internal API,service_role/server secret,TABLE_OR_VIEW,cm_fax_pages,select,supabaseAdmin,yes
famille_shift_matching,src/app/api/cm/fax/route.ts,172,Route Handler / internal API,service_role/server secret,TABLE_OR_VIEW,cm_kaipoke_other_office,select,supabaseAdmin,yes
famille_shift_matching,src/app/api/cm/fax/[id]/route.ts,43,Route Handler / internal API,service_role/server secret,TABLE_OR_VIEW,cm_fax_received,select,supabaseAdmin,yes
famille_shift_matching,src/app/api/cm/fax/[id]/route.ts,60,Route Handler / internal API,service_role/server secret,TABLE_OR_VIEW,cm_fax_pages,select,supabaseAdmin,yes
famille_shift_matching,src/app/api/cm/fax/[id]/route.ts,92,Route Handler / internal API,service_role/server secret,TABLE_OR_VIEW,cm_fax_received_offices,select,supabaseAdmin,yes
famille_shift_matching,src/app/api/cm/fax/[id]/route.ts,116,Route Handler / internal API,service_role/server secret,TABLE_OR_VIEW,cm_kaipoke_other_office,select,supabaseAdmin,yes
famille_shift_matching,src/app/api/cm/fax/[id]/route.ts,129,Route Handler / internal API,service_role/server secret,TABLE_OR_VIEW,cm_fax_documents,select,supabaseAdmin,yes
famille_shift_matching,src/app/api/cm/fax/[id]/route.ts,140,Route Handler / internal API,service_role/server secret,TABLE_OR_VIEW,cm_fax_document_pages,select,supabaseAdmin,yes
famille_shift_matching,src/app/api/cm/fax/[id]/route.ts,160,Route Handler / internal API,service_role/server secret,TABLE_OR_VIEW,cm_fax_document_clients,select,supabaseAdmin,yes
famille_shift_matching,src/app/api/cm/fax/[id]/route.ts,180,Route Handler / internal API,service_role/server secret,TABLE_OR_VIEW,cm_document_types,select,supabaseAdmin,yes
famille_shift_matching,src/app/api/cm/fax/[id]/route.ts,204,Route Handler / internal API,service_role/server secret,TABLE_OR_VIEW,cm_kaipoke_other_office,select,supabaseAdmin,yes
famille_shift_matching,src/app/api/cm/fax/[id]/route.ts,215,Route Handler / internal API,service_role/server secret,TABLE_OR_VIEW,cm_kaipoke_service_usage,select,supabaseAdmin,yes
famille_shift_matching,src/app/api/cm/fax/[id]/route.ts,224,Route Handler / internal API,service_role/server secret,TABLE_OR_VIEW,cm_kaipoke_info,select,supabaseAdmin,yes
famille_shift_matching,src/app/api/cm/fax/[id]/route.ts,266,Route Handler / internal API,service_role/server secret,TABLE_OR_VIEW,cm_fax_ocr_results,select,supabaseAdmin,yes
famille_shift_matching,src/app/api/cm/fax/[id]/offices/route.ts,53,Route Handler / internal API,service_role/server secret,TABLE_OR_VIEW,cm_fax_received,select,supabaseAdmin,yes
famille_shift_matching,src/app/api/cm/fax/[id]/offices/route.ts,70,Route Handler / internal API,service_role/server secret,TABLE_OR_VIEW,cm_fax_received_offices,select,supabaseAdmin,yes
famille_shift_matching,src/app/api/cm/fax/[id]/offices/route.ts,100,Route Handler / internal API,service_role/server secret,TABLE_OR_VIEW,cm_fax_received_offices,select+insert+update,supabaseAdmin,yes
famille_shift_matching,src/app/api/cm/fax/[id]/offices/route.ts,125,Route Handler / internal API,service_role/server secret,TABLE_OR_VIEW,cm_kaipoke_other_office,update,supabaseAdmin,yes
famille_shift_matching,src/app/api/cm/fax/[id]/offices/route.ts,145,Route Handler / internal API,service_role/server secret,TABLE_OR_VIEW,cm_fax_received,update,supabaseAdmin,yes
famille_shift_matching,src/app/api/cm/fax/stats/route.ts,31,Route Handler / internal API,service_role/server secret,TABLE_OR_VIEW,cm_fax_received,select,supabaseAdmin,yes
famille_shift_matching,src/app/api/cm/fax/stats/route.ts,52,Route Handler / internal API,service_role/server secret,TABLE_OR_VIEW,cm_fax_pages,select,supabaseAdmin,yes
famille_shift_matching,src/app/api/cm/fax/pdf/[fileId]/route.ts,44,Route Handler / internal API,service_role/server secret,RPC,read_secret,execute,supabaseAdmin,yes
famille_shift_matching,src/app/api/cm/fax/offices/route.ts,35,Route Handler / internal API,service_role/server secret,TABLE_OR_VIEW,cm_kaipoke_other_office,select,supabaseAdmin,yes
famille_shift_matching,src/app/api/cm/fax/documents/route.ts,75,Route Handler / internal API,service_role/server secret,TABLE_OR_VIEW,cm_fax_documents,select+insert,supabaseAdmin,yes
famille_shift_matching,src/app/api/cm/fax/documents/route.ts,109,Route Handler / internal API,service_role/server secret,TABLE_OR_VIEW,cm_fax_document_pages,insert+delete,supabaseAdmin,yes
famille_shift_matching,src/app/api/cm/fax/documents/route.ts,116,Route Handler / internal API,service_role/server secret,TABLE_OR_VIEW,cm_fax_documents,insert+delete,supabaseAdmin,yes
famille_shift_matching,src/app/api/cm/fax/documents/route.ts,135,Route Handler / internal API,service_role/server secret,TABLE_OR_VIEW,cm_fax_document_clients,insert+delete,supabaseAdmin,yes
famille_shift_matching,src/app/api/cm/fax/documents/route.ts,142,Route Handler / internal API,service_role/server secret,TABLE_OR_VIEW,cm_fax_document_pages,delete,supabaseAdmin,yes
famille_shift_matching,src/app/api/cm/fax/documents/route.ts,143,Route Handler / internal API,service_role/server secret,TABLE_OR_VIEW,cm_fax_documents,delete,supabaseAdmin,yes
famille_shift_matching,src/app/api/cm/fax/documents/route.ts,171,Route Handler / internal API,service_role/server secret,TABLE_OR_VIEW,cm_fax_pages,update,supabaseAdmin,yes
famille_shift_matching,src/app/api/cm/fax/documents/[id]/pages/route.ts,53,Route Handler / internal API,service_role/server secret,TABLE_OR_VIEW,cm_fax_documents,select,supabaseAdmin,yes
famille_shift_matching,src/app/api/cm/fax/documents/[id]/pages/route.ts,70,Route Handler / internal API,service_role/server secret,TABLE_OR_VIEW,cm_fax_document_pages,select,supabaseAdmin,yes
famille_shift_matching,src/app/api/cm/fax/documents/[id]/pages/route.ts,94,Route Handler / internal API,service_role/server secret,TABLE_OR_VIEW,cm_fax_document_pages,insert+update,supabaseAdmin,yes
famille_shift_matching,src/app/api/cm/fax/documents/[id]/pages/route.ts,109,Route Handler / internal API,service_role/server secret,TABLE_OR_VIEW,cm_fax_pages,update,supabaseAdmin,yes
famille_shift_matching,src/app/api/cm/contracts/webhook/digisigner/route.ts,36,Webhook,service_role/server secret,TABLE_OR_VIEW,cm_rpa_credentials,select,supabaseAdmin,yes
famille_shift_matching,src/app/api/cm/contracts/webhook/digisigner/route.ts,89,Webhook,service_role/server secret,TABLE_OR_VIEW,cm_contract_webhook_logs,insert,supabaseAdmin,yes
famille_shift_matching,src/app/api/cm/contracts/webhook/digisigner/route.ts,145,Webhook,service_role/server secret,TABLE_OR_VIEW,cm_contract_documents,select,supabaseAdmin,yes
famille_shift_matching,src/app/api/cm/contracts/webhook/digisigner/route.ts,181,Webhook,service_role/server secret,TABLE_OR_VIEW,cm_contract_document_signers,select+update,supabaseAdmin,yes
famille_shift_matching,src/app/api/cm/contracts/webhook/digisigner/route.ts,207,Webhook,service_role/server secret,TABLE_OR_VIEW,cm_contract_document_signers,select+update,supabaseAdmin,yes
famille_shift_matching,src/app/api/cm/contracts/webhook/digisigner/route.ts,229,Webhook,service_role/server secret,TABLE_OR_VIEW,cm_contract_documents,select+update,supabaseAdmin,yes
famille_shift_matching,src/app/api/cm/contracts/webhook/digisigner/route.ts,249,Webhook,service_role/server secret,TABLE_OR_VIEW,cm_contract_documents,select+update,supabaseAdmin,yes
famille_shift_matching,src/app/api/cm/contracts/webhook/digisigner/route.ts,260,Webhook,service_role/server secret,TABLE_OR_VIEW,cm_contracts,select+update,supabaseAdmin,yes
famille_shift_matching,src/app/api/cm/contracts/webhook/digisigner/route.ts,274,Webhook,service_role/server secret,TABLE_OR_VIEW,cm_contracts,update,supabaseAdmin,yes
famille_shift_matching,src/app/api/cm/contracts/webhook/digisigner/route.ts,296,Webhook,service_role/server secret,TABLE_OR_VIEW,cm_contract_webhook_logs,update,supabaseAdmin,yes
famille_shift_matching,src/app/api/bento/member/route.ts,95,Route Handler / internal API,service_role/server secret,TABLE_OR_VIEW,users,select,supabaseAdmin,yes
famille_shift_matching,src/app/api/bento/member/route.ts,156,Route Handler / internal API,service_role/server secret,TABLE_OR_VIEW,monthly_meeting_attendance,select,supabaseAdmin,yes
famille_shift_matching,src/app/api/bento/member/route.ts,188,Route Handler / internal API,service_role/server secret,TABLE_OR_VIEW,shift,select,supabaseAdmin,yes
famille_shift_matching,src/app/api/bento/member/route.ts,249,Route Handler / internal API,service_role/server secret,TABLE_OR_VIEW,bento_surveys,select,supabaseAdmin,yes
famille_shift_matching,src/app/api/bento/member/route.ts,280,Route Handler / internal API,service_role/server secret,TABLE_OR_VIEW,bento_survey_menus,select,supabaseAdmin,yes
famille_shift_matching,src/app/api/bento/member/route.ts,286,Route Handler / internal API,service_role/server secret,TABLE_OR_VIEW,bento_pickup_locations,select,supabaseAdmin,yes
famille_shift_matching,src/app/api/bento/member/route.ts,291,Route Handler / internal API,service_role/server secret,TABLE_OR_VIEW,bento_survey_responses,select,supabaseAdmin,yes
famille_shift_matching,src/app/api/bento/member/route.ts,383,Route Handler / internal API,service_role/server secret,TABLE_OR_VIEW,bento_surveys,select,supabaseAdmin,yes
famille_shift_matching,src/app/api/bento/member/route.ts,411,Route Handler / internal API,service_role/server secret,TABLE_OR_VIEW,bento_survey_responses,select,supabaseAdmin,yes
famille_shift_matching,src/app/api/bento/member/route.ts,420,Route Handler / internal API,service_role/server secret,TABLE_OR_VIEW,bento_survey_menus,select,supabaseAdmin,yes
famille_shift_matching,src/app/api/bento/member/route.ts,433,Route Handler / internal API,service_role/server secret,TABLE_OR_VIEW,bento_pickup_locations,select,supabaseAdmin,yes
famille_shift_matching,src/app/api/bento/member/route.ts,470,Route Handler / internal API,service_role/server secret,TABLE_OR_VIEW,bento_survey_responses,select+upsert,supabaseAdmin,yes
famille_shift_matching,src/app/api/bento/member/route.ts,559,Route Handler / internal API,service_role/server secret,TABLE_OR_VIEW,bento_surveys,select,supabaseAdmin,yes
famille_shift_matching,src/app/api/bento/member/route.ts,615,Route Handler / internal API,service_role/server secret,TABLE_OR_VIEW,bento_survey_responses,select,supabaseAdmin,yes
famille_shift_matching,src/app/api/bento/member/route.ts,660,Route Handler / internal API,service_role/server secret,TABLE_OR_VIEW,bento_survey_responses,update,supabaseAdmin,yes
famille_shift_matching,src/app/api/auth/reset-password-reinvite/route.ts,37,Route Handler / internal API,service_role/server secret,TABLE_OR_VIEW,form_entries,select,supabaseAdmin,yes
famille_shift_matching,src/app/api/auth/reset-password-reinvite/route.ts,49,Route Handler / internal API,service_role/server secret,TABLE_OR_VIEW,users,select,supabaseAdmin,yes
famille_shift_matching,src/app/api/auth/reset-password-reinvite/route.ts,90,Route Handler / internal API,service_role/server secret,TABLE_OR_VIEW,users,update,supabaseAdmin,yes
famille_shift_matching,src/app/api/auth/lineworks-2fa/verify/route.ts,113,Route Handler / internal API,service_role/server secret,TABLE_OR_VIEW,login_lineworks_otp,select,supabaseAdmin,yes
famille_shift_matching,src/app/api/auth/lineworks-2fa/verify/route.ts,160,Route Handler / internal API,service_role/server secret,TABLE_OR_VIEW,login_lineworks_otp,update,supabaseAdmin,yes
famille_shift_matching,src/app/api/auth/lineworks-2fa/verify/route.ts,187,Route Handler / internal API,service_role/server secret,TABLE_OR_VIEW,login_trusted_devices,insert,supabaseAdmin,yes
famille_shift_matching,src/app/api/auth/lineworks-2fa/request/route.ts,46,Route Handler / internal API,service_role/server secret,TABLE_OR_VIEW,env_variables,select,supabaseAdmin,yes
famille_shift_matching,src/app/api/auth/lineworks-2fa/request/route.ts,78,Route Handler / internal API,service_role/server secret,TABLE_OR_VIEW,login_trusted_devices,select,supabaseAdmin,yes
famille_shift_matching,src/app/api/auth/lineworks-2fa/request/route.ts,130,Route Handler / internal API,service_role/server secret,TABLE_OR_VIEW,login_trusted_devices,select+update,supabaseAdmin,yes
famille_shift_matching,src/app/api/auth/lineworks-2fa/request/route.ts,150,Route Handler / internal API,service_role/server secret,TABLE_OR_VIEW,user_entry_united_view_single,select,supabaseAdmin,yes
famille_shift_matching,src/app/api/auth/lineworks-2fa/request/route.ts,180,Route Handler / internal API,service_role/server secret,TABLE_OR_VIEW,login_lineworks_otp,insert+delete,supabaseAdmin,yes
famille_shift_matching,src/app/api/auth/lineworks-2fa/request/route.ts,186,Route Handler / internal API,service_role/server secret,TABLE_OR_VIEW,login_lineworks_otp,insert,supabaseAdmin,yes
famille_shift_matching,src/app/api/audit-log/update-penalty/route.ts,46,Route Handler / internal API,service_role/server secret,TABLE_OR_VIEW,user_entry_united_view_single,select,admin,yes
famille_shift_matching,src/app/api/audit-log/update-penalty/route.ts,79,Route Handler / internal API,service_role/server secret,TABLE_OR_VIEW,audit_log,select+update,admin,yes
famille_shift_matching,src/app/api/assessment/route.ts,19,Route Handler / internal API,service_role/server secret,TABLE_OR_VIEW,users,select,supabaseAdmin,yes
famille_shift_matching,src/app/api/assessment/route.ts,30,Route Handler / internal API,service_role/server secret,TABLE_OR_VIEW,users_lw_temp,select,supabaseAdmin,yes
famille_shift_matching,src/app/api/assessment/route.ts,51,Route Handler / internal API,service_role/server secret,TABLE_OR_VIEW,assessments_records,select,supabaseAdmin,yes
famille_shift_matching,src/app/api/assessment/route.ts,80,Route Handler / internal API,service_role/server secret,TABLE_OR_VIEW,cs_kaipoke_info,select+insert,supabaseAdmin,yes
famille_shift_matching,src/app/api/assessment/route.ts,89,Route Handler / internal API,service_role/server secret,TABLE_OR_VIEW,assessments_records,select+insert,supabaseAdmin,yes
famille_shift_matching,src/app/api/assessment/[id]/route.ts,22,Route Handler / internal API,service_role/server secret,TABLE_OR_VIEW,assessments_records,select,supabaseAdmin,yes
famille_shift_matching,src/app/api/assessment/[id]/route.ts,71,Route Handler / internal API,service_role/server secret,TABLE_OR_VIEW,assessments_records,select+update,supabaseAdmin,yes
famille_shift_matching,src/app/api/assessment/[id]/route.ts,92,Route Handler / internal API,service_role/server secret,TABLE_OR_VIEW,assessments_records,select+update,supabaseAdmin,yes
famille_shift_matching,src/app/api/assessment/[id]/auto-generate/route.ts,682,Route Handler / internal API,service_role/server secret,TABLE_OR_VIEW,assessments_records,select,supabaseAdmin,yes
famille_shift_matching,src/app/api/assessment/[id]/auto-generate/route.ts,729,Route Handler / internal API,service_role/server secret,TABLE_OR_VIEW,cs_docs,select,supabaseAdmin,yes
famille_shift_matching,src/app/api/assessment/[id]/auto-generate/route.ts,822,Route Handler / internal API,service_role/server secret,TABLE_OR_VIEW,shift,select,supabaseAdmin,yes
famille_shift_matching,src/app/api/assessment/[id]/auto-generate/route.ts,1840,Route Handler / internal API,service_role/server secret,TABLE_OR_VIEW,assessments_records,select+update,supabaseAdmin,yes
famille_shift_matching,src/app/api/assessment/clients/route.ts,19,Route Handler / internal API,service_role/server secret,TABLE_OR_VIEW,cs_kaipoke_info,select,supabaseAdmin,yes
famille_shift_matching,src/app/api/assessment/by-client/[kaipokeCsId]/auto-generate/route.ts,218,Route Handler / internal API,service_role/server secret,TABLE_OR_VIEW,users,select,supabaseAdmin,yes
famille_shift_matching,src/app/api/assessment/by-client/[kaipokeCsId]/auto-generate/route.ts,236,Route Handler / internal API,service_role/server secret,TABLE_OR_VIEW,user_entry_united_view_single,select,supabaseAdmin,yes
famille_shift_matching,src/app/api/assessment/by-client/[kaipokeCsId]/auto-generate/route.ts,301,Route Handler / internal API,service_role/server secret,TABLE_OR_VIEW,cs_kaipoke_info,select,supabaseAdmin,yes
famille_shift_matching,src/app/api/assessment/by-client/[kaipokeCsId]/auto-generate/route.ts,321,Route Handler / internal API,service_role/server secret,TABLE_OR_VIEW,cs_kaipoke_info,select,supabaseAdmin,yes
famille_shift_matching,src/app/api/assessment/by-client/[kaipokeCsId]/auto-generate/route.ts,344,Route Handler / internal API,service_role/server secret,TABLE_OR_VIEW,plan_generation_source_view,select,supabaseAdmin,yes
famille_shift_matching,src/app/api/assessment/by-client/[kaipokeCsId]/auto-generate/route.ts,367,Route Handler / internal API,service_role/server secret,TABLE_OR_VIEW,assessments_records,select,supabaseAdmin,yes
famille_shift_matching,src/app/api/assessment/by-client/[kaipokeCsId]/auto-generate/route.ts,433,Route Handler / internal API,service_role/server secret,TABLE_OR_VIEW,assessments_records,select+insert,supabaseAdmin,yes
famille_shift_matching,src/app/api/assessment/by-client/[kaipokeCsId]/auto-generate/route.ts,507,Route Handler / internal API,service_role/server secret,TABLE_OR_VIEW,assessments_records,select+update,supabaseAdmin,yes
famille_shift_matching,src/app/api/advance-payment/history/route.ts,42,Route Handler / internal API,anon/publishable + user JWT,TABLE_OR_VIEW,users,select,supabase,yes
famille_shift_matching,src/app/api/advance-payment/history/route.ts,58,Route Handler / internal API,anon/publishable + user JWT,TABLE_OR_VIEW,user_advance_payment_applications,select,supabase,yes
famille_shift_matching,src/app/api/advance-payment/history/route.ts,95,Route Handler / internal API,indirect/unknown,TABLE_OR_VIEW,user_entry_united_view_single,select,supabase,yes
famille_shift_matching,src/app/api/admin/taimee-job-settings/route.ts,103,Route Handler / internal API,service_role/server secret,TABLE_OR_VIEW,taimee_job_settings,select,supabaseAdmin,yes
famille_shift_matching,src/app/api/admin/taimee-job-settings/route.ts,363,Route Handler / internal API,service_role/server secret,TABLE_OR_VIEW,taimee_job_settings,select+update,supabaseAdmin,yes
famille_shift_matching,src/app/api/admin/staff-retirement-review/route.ts,13,Route Handler / internal API,service_role/server secret,TABLE_OR_VIEW,users,select+update,supabaseAdmin,yes
famille_shift_matching,src/app/api/admin/staff-retirement-review/route.ts,18,Route Handler / internal API,service_role/server secret,TABLE_OR_VIEW,users,update,supabaseAdmin,yes
famille_shift_matching,src/app/api/admin/staff-retirement-review/route.ts,68,Route Handler / internal API,service_role/server secret,TABLE_OR_VIEW,users,select,supabaseAdmin,yes
famille_shift_matching,src/app/api/admin/staff-retirement-review/route.ts,26,Route Handler / internal API,service_role/server secret,RPC,staff_retirement_review_rows,execute,supabaseAdmin,yes
famille_shift_matching,src/app/api/admin/staff-monthly-stats/rebuild/route.ts,12,Route Handler / internal API,service_role/server secret,RPC,rebuild_staff_monthly_stats,execute,supabaseAdmin,yes
famille_shift_matching,src/app/api/admin/reentry-recruitment/route.ts,15,Route Handler / internal API,service_role/server secret,TABLE_OR_VIEW,users,select,supabaseAdmin,yes
famille_shift_matching,src/app/api/admin/reentry-recruitment/route.ts,33,Route Handler / internal API,service_role/server secret,TABLE_OR_VIEW,staff_log,select+insert,supabaseAdmin,yes
famille_shift_matching,src/app/api/admin/reentry-recruitment/route.ts,40,Route Handler / internal API,service_role/server secret,TABLE_OR_VIEW,reentry_recruitment_candidates,select,supabaseAdmin,yes
famille_shift_matching,src/app/api/admin/reentry-recruitment/route.ts,41,Route Handler / internal API,service_role/server secret,TABLE_OR_VIEW,reentry_recruitment_settings,select+update,supabaseAdmin,yes
famille_shift_matching,src/app/api/admin/reentry-recruitment/route.ts,53,Route Handler / internal API,service_role/server secret,TABLE_OR_VIEW,form_entries,update+upsert,supabaseAdmin,yes
famille_shift_matching,src/app/api/admin/reentry-recruitment/route.ts,57,Route Handler / internal API,service_role/server secret,TABLE_OR_VIEW,reentry_recruitment_settings,upsert,supabaseAdmin,yes
famille_shift_matching,src/app/api/admin/reentry-recruitment/route.ts,71,Route Handler / internal API,service_role/server secret,TABLE_OR_VIEW,reentry_recruitment_candidates,select+insert,supabaseAdmin,yes
famille_shift_matching,src/app/api/admin/reentry-recruitment/route.ts,79,Route Handler / internal API,service_role/server secret,TABLE_OR_VIEW,reentry_campaign_recipients,select+insert+update,supabaseAdmin,yes
famille_shift_matching,src/app/api/admin/reentry-recruitment/route.ts,83,Route Handler / internal API,service_role/server secret,TABLE_OR_VIEW,reentry_campaign_recipients,update,supabaseAdmin,yes
famille_shift_matching,src/app/api/admin/reentry-recruitment/route.ts,87,Route Handler / internal API,service_role/server secret,TABLE_OR_VIEW,reentry_campaign_recipients,update,supabaseAdmin,yes
famille_shift_matching,src/app/api/admin/reentry-recruitment/route.ts,88,Route Handler / internal API,service_role/server secret,TABLE_OR_VIEW,reentry_campaign_recipients,update,supabaseAdmin,yes
famille_shift_matching,src/app/api/admin/reentry-recruitment/route.ts,90,Route Handler / internal API,service_role/server secret,TABLE_OR_VIEW,reentry_campaign_recipients,update,supabaseAdmin,yes
famille_shift_matching,src/app/api/admin/reentry-recruitment/route.ts,91,Route Handler / internal API,service_role/server secret,TABLE_OR_VIEW,reentry_campaign_recipients,update,supabaseAdmin,yes
famille_shift_matching,src/app/api/admin/health-check-results/route.ts,23,Route Handler / internal API,service_role/server secret,TABLE_OR_VIEW,users,select,supabaseAdmin,yes
famille_shift_matching,src/app/api/admin/health-check-results/route.ts,39,Route Handler / internal API,service_role/server secret,TABLE_OR_VIEW,user_entry_united_view_single,select,supabaseAdmin,yes
famille_shift_matching,src/app/api/admin/health-check-results/route.ts,40,Route Handler / internal API,service_role/server secret,TABLE_OR_VIEW,wf_request_type,select,supabaseAdmin,yes
famille_shift_matching,src/app/api/admin/health-check-results/route.ts,44,Route Handler / internal API,service_role/server secret,TABLE_OR_VIEW,wf_request,select,supabaseAdmin,yes
famille_shift_matching,src/app/api/admin/health-check-results/route.ts,52,Route Handler / internal API,service_role/server secret,TABLE_OR_VIEW,wf_request,select,supabaseAdmin,yes
famille_shift_matching,src/app/api/admin/health-check-results/route.ts,63,Route Handler / internal API,service_role/server secret,TABLE_OR_VIEW,wf_request_attachment,select,supabaseAdmin,yes
famille_shift_matching,src/app/api/admin/health-check-results/route.ts,99,Route Handler / internal API,service_role/server secret,TABLE_OR_VIEW,wf_request,update,supabaseAdmin,yes
famille_shift_matching,src/app/api/admin/expense-claims/route.ts,22,Route Handler / internal API,service_role/server secret,TABLE_OR_VIEW,users,select,supabaseAdmin,yes
famille_shift_matching,src/app/api/admin/expense-claims/route.ts,40,Route Handler / internal API,service_role/server secret,TABLE_OR_VIEW,user_entry_united_view_single,select,supabaseAdmin,yes
famille_shift_matching,src/app/api/admin/expense-claims/route.ts,120,Route Handler / internal API,service_role/server secret,TABLE_OR_VIEW,external_expense_claims,select,supabaseAdmin,yes
famille_shift_matching,src/app/api/admin/expense-claims/route.ts,290,Route Handler / internal API,indirect/unknown,TABLE_OR_VIEW,expense-receipts,unknown,storage,no
famille_shift_matching,src/app/api/admin/expense-claims/[id]/route.ts,76,Route Handler / internal API,service_role/server secret,TABLE_OR_VIEW,users,select,supabaseAdmin,yes
famille_shift_matching,src/app/api/admin/expense-claims/[id]/route.ts,94,Route Handler / internal API,service_role/server secret,TABLE_OR_VIEW,user_entry_united_view_single,select,supabaseAdmin,yes
famille_shift_matching,src/app/api/admin/expense-claims/[id]/route.ts,229,Route Handler / internal API,service_role/server secret,TABLE_OR_VIEW,external_expense_claims,select,supabaseAdmin,yes
famille_shift_matching,src/app/api/admin/expense-claims/[id]/route.ts,325,Route Handler / internal API,service_role/server secret,TABLE_OR_VIEW,external_expense_claims,select+update,supabaseAdmin,yes
famille-voice54,supabase/functions/transcribe-recording/index.ts,173,Edge Function,service_role/server secret,TABLE_OR_VIEW,recording_transcripts,select+upsert,adminClient,yes
famille-voice54,supabase/functions/transcribe-recording/index.ts,219,Edge Function,service_role/server secret,TABLE_OR_VIEW,recording_transcripts,update,adminClient,yes
famille-voice54,supabase/functions/transcribe-recording/index.ts,233,Edge Function,service_role/server secret,TABLE_OR_VIEW,recording_transcripts,update,adminClient,yes
famille-voice54,supabase/functions/recording-options/index.ts,63,Edge Function,service_role/server secret,TABLE_OR_VIEW,users,select,adminClient,yes
famille-voice54,supabase/functions/recording-options/index.ts,86,Edge Function,service_role/server secret,TABLE_OR_VIEW,cs_kaipoke_info,select,adminClient,yes
famille-voice54,supabase/functions/recording-options/index.ts,97,Edge Function,service_role/server secret,TABLE_OR_VIEW,cm_kaipoke_info,select,adminClient,yes
famille-voice54,supabase/functions/recording-options/index.ts,110,Edge Function,service_role/server secret,TABLE_OR_VIEW,user_entry_united_view_single,select,adminClient,yes
famille-voice54,lib/recording-options.ts,30,browser/mobile client,anon/publishable + user JWT (expected),EDGE_FUNCTION,recording-options,access,,no
famille-voice54,lib/transcription.ts,71,browser/mobile client,anon/publishable + user JWT (expected),EDGE_FUNCTION,transcribe-recording,access,,no
GAS,LwDataToSupabase/コード.js,53,GAS,service_role/server secret,TABLE_OR_VIEW,users_lw_temp,unknown,,yes
GAS,LwDataToSupabase/コード.js,82,GAS,service_role/server secret,TABLE_OR_VIEW,users,unknown,,yes
GAS,LwDataToSupabase/コード.js,120,GAS,service_role/server secret,TABLE_OR_VIEW,groups_lw_temp,unknown,,yes
GAS,LwDataToSupabase/コード.js,230,GAS,service_role/server secret,TABLE_OR_VIEW,groups_lw_temp,unknown,,yes
GAS,LwDataToSupabase/コード.js,278,GAS,service_role/server secret,TABLE_OR_VIEW,groups_lw,unknown,,yes
GAS,LwDataToSupabase/コード.js,346,GAS,service_role/server secret,TABLE_OR_VIEW,orgs_temp,unknown,,yes
GAS,LwDataToSupabase/コード.js,450,GAS,service_role/server secret,TABLE_OR_VIEW,orgs_temp,unknown,,yes
GAS,LwDataToSupabase/コード.js,451,GAS,service_role/server secret,TABLE_OR_VIEW,orgs,unknown,,yes
GAS,kaipokecheck/コード.js,289,GAS,service_role/server secret,TABLE_OR_VIEW,users,unknown,,yes
GAS,kaipokecheck/コード.js,334,GAS,service_role/server secret,TABLE_OR_VIEW,users,unknown,,yes
GAS,cm_fax_receiver/コード.js,262,GAS,indirect/unknown,TABLE_OR_VIEW,cm_fax_received,unknown,,yes
GAS,cm_fax_receiver/コード.js,323,GAS,indirect/unknown,TABLE_OR_VIEW,cm_fax_received,unknown,,yes
GAS,cm_fax_receiver/コード.js,580,GAS,indirect/unknown,TABLE_OR_VIEW,rpc,unknown,,no
GAS,cm_fax_receiver/コード.js,626,GAS,indirect/unknown,TABLE_OR_VIEW,cm_kaipoke_other_office,unknown,,yes
GAS,cm_fax_receiver/コード.js,837,GAS,indirect/unknown,TABLE_OR_VIEW,rpc,unknown,,no
GAS,cm_fax_receiver/コード.js,892,GAS,indirect/unknown,TABLE_OR_VIEW,cm_kaipoke_other_office,unknown,,yes
GAS,cm_fax_receiver/コード.js,916,GAS,indirect/unknown,TABLE_OR_VIEW,cm_kaipoke_service_usage,unknown,,yes
GAS,cm_fax_receiver/コード.js,936,GAS,indirect/unknown,TABLE_OR_VIEW,cm_kaipoke_info,unknown,,yes
GAS,cm_fax_receiver/コード.js,1050,GAS,indirect/unknown,TABLE_OR_VIEW,cm_fax_received,unknown,,yes
GAS,cm_fax_receiver/コード.js,1107,GAS,indirect/unknown,TABLE_OR_VIEW,rpc,unknown,,no
GAS,cm_fax_receiver/コード.js,1142,GAS,indirect/unknown,TABLE_OR_VIEW,cm_fax_received_offices,unknown,,yes
GAS,cm_fax_receiver/コード.js,1240,GAS,indirect/unknown,TABLE_OR_VIEW,cm_fax_received,unknown,,yes
GAS,cm_fax_receiver/コード.js,1314,GAS,indirect/unknown,TABLE_OR_VIEW,cm_fax_received_offices,unknown,,yes
GAS,cm_fax_receiver/コード.js,1373,GAS,indirect/unknown,TABLE_OR_VIEW,cm_fax_received,unknown,,yes
GAS,cm_fax_receiver/コード.js,1490,GAS,indirect/unknown,TABLE_OR_VIEW,cm_kaipoke_other_office,unknown,,yes
GAS,cm_fax_receiver/コード.js,1596,GAS,indirect/unknown,TABLE_OR_VIEW,cm_fax_received,unknown,,yes
GAS,cm_fax_receiver/コード.js,1616,GAS,indirect/unknown,TABLE_OR_VIEW,cm_fax_received_offices,unknown,,yes
GAS,cm_fax_receiver/コード.js,1638,GAS,indirect/unknown,TABLE_OR_VIEW,cm_fax_received,unknown,,yes
GAS,cm_fax_receiver/コード.js,1673,GAS,indirect/unknown,TABLE_OR_VIEW,cm_fax_received,unknown,,yes
GAS,cm_fax_receiver/コード.js,1686,GAS,indirect/unknown,TABLE_OR_VIEW,cm_fax_received,unknown,,yes
GAS,cm_fax_receiver/コード.js,1700,GAS,indirect/unknown,TABLE_OR_VIEW,cm_fax_received,unknown,,yes
GAS,cm_fax_receiver/コード.js,1734,GAS,indirect/unknown,TABLE_OR_VIEW,cm_fax_received,unknown,,yes
GAS,DigiSignTransfer/コード.js,19,GAS,service_role/server secret,TABLE_OR_VIEW,user_doc_master,unknown,,yes
GAS,DigiSignTransfer/コード.js,122,GAS,indirect/unknown,TABLE_OR_VIEW,cs_kaipoke_info,unknown,,yes
GAS,DigiSignTransfer/コード.js,156,GAS,indirect/unknown,TABLE_OR_VIEW,cs_kaipoke_info,unknown,,yes
GAS,DigiSignTransfer/コード.js,504,GAS,service_role/server secret,TABLE_OR_VIEW,cs_kaipoke_info,unknown,,yes
GAS,DigiSignTransfer/コード.js,701,GAS,indirect/unknown,TABLE_OR_VIEW,user_doc_master,unknown,,yes
GAS,DigiSignTransfer/コード.js,814,GAS,indirect/unknown,TABLE_OR_VIEW,cs_docs,unknown,,yes
GAS,entrybot/コード.js,314,GAS,service_role/server secret,TABLE_OR_VIEW,spot_offer_request_table,unknown,,yes
GAS,entrybot/コード.js,365,GAS,indirect/unknown,TABLE_OR_VIEW,cs_kaipoke_info,unknown,,yes
GAS,FAXTransfer/コード.js,67,GAS,service_role/server secret,TABLE_OR_VIEW,fax,unknown,,yes
GAS,FAXTransfer/コード.js,1042,GAS,indirect/unknown,TABLE_OR_VIEW,cs_docs,unknown,,yes
GAS,FAXTransfer/コード.js,1141,GAS,service_role/server secret,TABLE_OR_VIEW,user_doc_master,unknown,,yes
GAS,FAXTransfer/コード.js,1218,GAS,indirect/unknown,TABLE_OR_VIEW,cs_kaipoke_info,unknown,,yes
GAS,FAXTransfer/コード.js,1257,GAS,indirect/unknown,TABLE_OR_VIEW,cs_kaipoke_info,unknown,,yes
GAS,FAXTransfer/コード.js,1873,GAS,indirect/unknown,TABLE_OR_VIEW,cs_docs,unknown,,yes
GAS,FAXTransfer/コード.js,1922,GAS,indirect/unknown,TABLE_OR_VIEW,cs_kaipoke_info,unknown,,yes
GAS,FAXTransfer/コード.js,2169,GAS,service_role/server secret,TABLE_OR_VIEW,group_lw_channel_view,unknown,,yes
GAS,FAXTransfer/コード.js,2949,GAS,indirect/unknown,TABLE_OR_VIEW,fax_log,unknown,,yes
GAS,FAXTransfer/コード.js,3009,GAS,indirect/unknown,TABLE_OR_VIEW,fax_log,unknown,,yes
GAS,FAXTransfer/コード.js,3136,GAS,indirect/unknown,TABLE_OR_VIEW,fax_log,unknown,,yes
